ID,Sequence
ACTB,CTGGGTATCTCCCTCTGCAGCATGGGTCACGAACAAACTGGGCCCTCAGAGGCCACGGGATGGCGCCCAGTCTCCAGTCACAAGGCAGAATCCAGACCTCAGCCCATAGCTAACCAGAGCTGTCTGCAGGCCAGATATGGCCCCATGGACCCCCTACCCCAACTTGACTTTGATTCCAGGTCCCCCTCTGTCTGGATGAACAGGTAGGAATTGCGGCCTCTCCTAAGCCTATGGGAGCCTGGGCCAGGCTGACCCTCAAGGCTGACAGCCACGATCCCATAGGTGAAGGCAAAGGCGTGGCAGCTAGGAACACCCACTACACCCCCACTCAAGGGAACACCGTGCCCAGCTACCCTGAGACAGCCCCACTCCCAGGAAATGCAGGTGCCAACCAGCCCCAGTGAGGCATGGCACCTGAGCCAGACACCCCCAAATAGTCCCTTCCCACCTCCTCAAGCATCTGCACTCTGGGTGAACCCAGAAAAACTGGGGTACCTGGGGAGACATAGAAGGGCCAGGCCAGGAACTCCCCAATAAGCAGGAACAGAGACCTGACCCCTGAGCCTCCCCCACCCTCTAAGGCTGCTCAATGTCAAGGCAGGAGGGATCTCCACACACCTGCACTCTGGGTAAGGACAAGTTGGCCCCCACTGCCCCACCCTTTTGCAGGGTTCACCCTCCTGCAGGGTTCACCCTCTGCTGCCCCCAACCCAGCCACACCACAAAGTCACACTTGGCCTCATTTTTAAGGTGTGCACTTTTATTCAACTGGTCTCAAGTCAGTGTACAGGTAAGCCCTGGCTGCCTCCACCCACTCCCAGGGAGACCAAAAGCCTTCATACATCTCAAGTTGGGGGACAAAAAAGGGGGAAGGGGGGGCACGAAGGCTCATCATTCA
ACTN4,ACATAGCCGATTCTCTGCCCGGGCCCCTTGCTGATGCTCCTCCGGGTCTGCGTCGGGCGTGGGTCTCTGGGGACCCTCCAGAGGTGGAGGTGGGCTGATGGCCTGGCTGCCTGGTGGTTGATGGTTTTGCTCCCCCTACCTTTTTTTTTTGAGTTTATTCTGATTGATTTTTTTTCTTGGTTTCTGGATAAACCACCCTCTGGGGACAGGATAATAAAACATGTAATATTTTTAAGAAGGATTCCTGCAGCATCATCTTTTTTTATTTCTCCTGTGTCTGTCCTCCACCTTCTAGGAGAGCCAGGGCAGAGCTAGCACTGTCTTAAGCTGTCAACGTGGACTAGCTCGTGTCATCTGCTCGAGAAGGGCTGTCGCTGTTCTTGTTTCTGAGTGAGGAGTACGCAGGCCAGAGTGGTCACCCGGCCGTGAGCAGTGAGGGCCAGAGACTAGCCCCAGACAGGTGGATGCCAGAGAGAGTGGCACCCATGCCAGGCAAGGCCTAGGGAGGTGGTCTTGCTCAGCAACCCTGCCCTGAGCAGCAGGTGCGCCCATCCGGAGATCCTAGGAGAAGGTGGCCACCTCCATCCACTAAGGAAGAGAAGGAAGACAGTGGCTTGAGGCAGGGAGCTCGCAGGACAGAGCCTGAGCCACCCTGTCCCTCCCACCTGGCTCACCTGTCTGTGGGTCAGGCAGATGACCCCCTCACCCCCATCCAGGTGCTGGCTGCAGTGGCCTGTGCAGAGAGGGGCAGGGTGAGTGCCCACCAGTCCCCGTACCCCTTCCCCCCATGCCCCACCATGCCGGGGTGGTACTCACAGAAGATGCAGGTGAGGTGGGCCACACAGGACACGAACCGCTCGAAGTCCACACGCAGACGGCTATCCCGGTAGCGGCTGGTGAGGGTCTGGGTCAGCTGGTTGTTCAGGTGGAAGCCTAGGGGGAGGCTGCTTCTGAGCCCAGTGGCCCACAGGGAACCCACCTTGGCATTGCATCCCCACCCCACCTCCTCAGGGAGGACATGAATGCCACAGGGTGTCACACCCCAACTCTGCCCCATCCCGGCAGGGTGAGTACAGGCTGATCCCTTCAATCCTCTGGGCCTGTTTCCTCATCCATCAAACGGACTAAGACAGCCCCGACCCCATAGGGTGTGTGAAGACAGAACGCTCAGGACAGCGTCTGACACGTGACTCGATGTGTGGGTACTGTTACTCCTTAAATCCTGTGGGGCTTTCTCCTTGCCAGTGGGCACTGGAGGATATTTCTGTGCAGCAAAAAATATAGTCAATCCCATATGGA
CD151,CAGCAGGGGAGGTGAGGGGGGCTGGCGGGGCGAAGTTTGGGGGGTGTTTTGTGGGGCTCCCCAGACACACTCTCTGCCTGGTGGTCAGATGCAGGTTGGAAGGGGCCTTGCTGAGTGGCGCAAGGCCGAGCGTTCCCAGCAGGGGGAGAAACCCTTCACACCCCAGGCCCTTCAGGAACTGGGGCCTTGCCTTGCAGCCACATGGCCCCATCCCAGTTGGGGAAGCCAGGTGAGCTCTGACCCTTGGGCCTGGGCCTCTGCCCCTCCCAACCCAGCCCTCGTCTCCCTCGACAGCGCCCCTGCTGTCTTCCCCACCGCAGTCACCACCACCCGAAATGCCACGTGGTCACTGTGCACTGCCCTGTTCATGTGCCTCTGCGGGGCAGGGCCTTCCTGGTTTTGTTCACTGCTGTACCCAGATGCCTACAACCATCCCTGCCACATACAGGTGCTCAATAAACACTTGTAGAGCAGATGGACGAGCTCGCTGTGCTGGTAACAGATGGTGGTCTGTTCTCAGGGCCCTCGCATCCAGCAGGGCAGACAGACCCACCCCCGCCCCGCCCAGTGTCAGGACAAAGAAGGGCAGAGCCAGGAGGACACACCCCCCATGGGGCTCCAGGGAAGGGAGGTCTGATGCCAGGGACAGCTGAGCACAGGCCTCAGCAGAAAGAACTGAACATGTTCCTAAATGGTGAGATGGTGTGTTCAGAGCCCCTGGGGGAGAGGAAAAATGGTTTCCAAAACCCTTCTGGCCATGGTGGGGAGCAGACGTGGGAAGGGTGCAGACTGGGGGCCGTGCCCAGGTAAGAGGTGTCAGGCAGGTGGGGTGGGGGCAGTAGGGTGAGGGGGTTTACATGGAGGAGCCTATAGGCCCTGCTGGGGGCCAGAGGGTAGGAGGTACCAGAGCCTGGTGTCTGGCAGAGGTACCCTGGAGATGGGAGCCAGGGCTCGGTCACTGATTGTGCCCCCCACTGCCCAGGTTCCTGTCCTTAAGGCTCAGAACTGTAGACCCTCAGGCAGACCCGTTCTCCCCTACCAGAGGACACCACGCCAGATATCTGGGCAGCAGGGACATCTGACCTGGGGTGCTTGCTGGCAGCACTGCCTGGACAGCAGGGCCTCCTTAGGGCCACCTCCCAACCCAGCTAGGAGCGTCTTAAGGCCTGCCCTCCCTGCTGGGCTTGGGTGGGACGCTCAGGGACAGGCAGCAGTGGGCAGAGGCCAGCAGGTACTGGCAGCCCTGACCACAGCAGAGACTGGGCCCCAGAAAATCTGTTTCTCTCTTCTTTTTCATAGTTGTGTTGAGACAGAGTCTTACTCTGTTGCCCAGGCTGGAGTGCAGTGGTGCAAACACAGTTCACTGCAGTGGCAACCTCCCAGGTTCCAGTGATCCTCCTGCCTCAGCCCCGAGTGGCCGGGACTACAGGTGTGAACACTGTGCCCAGCTAATTTATTAAATTTTGTTGTAGAGA
CD74,TGTTCTAATTACTACCTTTTATTCTAATGTGAACCATGGCCCTGAAAGCTGATAACAAGCTTGGCTGAGCAGAGGGAACTAGGGGTCGGCAGAAAGGATTATGGGTGGAAAACATTGGCTCTTCCTTGGGGAGTGATGCTGGGGAAAGGGAAGAGAGTGGCTCAGCCTGCAGGTAAATAGGCTAGAAAAGCCAAGGCCAAAGGCTGGAGGGGAGAGGACAGTCAGCATGTCCAGCCTGGGGTCTGGGTGTAGGGTTATCCCTTCTCCCTGTGCCTTCCCATCTCGTCCATGAGCCTAGGTCTTGGAGCCTTG
CHD4,TAAAATACAAGGAAACTTTTATTTTCAATTTTCATCAAGAAATTTGCTGTGGTTTTTTATGCTTTTGGTTTTTTCCTTTTTTTTTTTTTCCACTTTATTTCATTTAGCCGCTCAGTGGCTAGAGCCGCTGGGTTCCTGGTATTAAAAAGATGCCAACAGAGGTAGCTGTGTCTCGCCCAGGGGCCCAGCCCACTCTGAATACCCCCCAAAAAGGAGAAAAGAAAACACAAAATAAACCAACAAAATAAAACCAAAAGGAGGAAAAAATTCAGATCATTTTCTTCAAGCCTGGCAGGAACCCACAACAGTTTGTGTGTAACAGGCGTTACAGTGGGG
CNN2,CCTCCCCAAGCGCTGAGATTACAGGTGTGAGCCACCGTGCCCAGCCCCTCAGTAGGTTTTAAGGAGCCCCCAGCCCTCCTCCCTTCTGGGCCCGACCAGCTTATACTGCTCCATCTTCCCCGGCCACATGCCCCGCCAAGTACTGCACAGGGACCCCCCACCCAGGGGACCTGCTCCGTGAGATAATGTGAAATACGACTGTGGACCAAACGCAATAAAACCTCTGTTTGTACGAAGAGAA
ESRRB,TTCCTGGTACTGAAGGGGTCCATTGGACACTCAGAAAAGAAGTTCAGGGGCCAACTTCTTAGCTGGAATCCTGGCCAGATGAGGACCCTCTCCGGGGAAGGGAGAGGACTGACTTAGTGGAAGGTGGTGAAGTGAGGAGAGTTTAGGGGAACCTTCCCCCAGTGGAACAGATCTCAAGTTTACCCTAAACCTGCCATTTCTGGAAAATCTGTAAAGAGGAAACAGCCTGTCTCAGCTGTACTCTCATGATACAGGTCATTTGAAATGAACCAAGAAATAAAACATGAAAATCCAACCATGGAGAAGGTGGTATGGCTGGGTTTTGTTTGGTCCCCTTGTCCTTATACGTTCTAAAGTTTCCAGACTGGCTTTGTCACTTTGTGAACTCGTCATGTGTGAAAACCAATCTTTGCATATAGGGAACTTCCTCGGGCCACACTTTAAGAACCAAGTAAGAGGCTCTCAAGACTCCAGCAGAGTCGGGAGGCCATGGCAGCGCCTTAGAGGAGCTGGAACCTGCACCCACCTGTGTCGGTGGGGGGGGCCTCCTTTCCCCATAGACTCTGCCCTCCCTCTGTGCAGATGGAAGTGGCAGGGGAGGGTGACCAGCTTGTGACAAGAAGACTGAAGGGTCCAGAGTCCATGCTCACGGAACAGCACCAAAGAAAAGCACTATGTGGAAAGATTGTTTTATTTTCTAATAATGATAATATGGCTGGAATGGCTTCTTAAGATGTATATATTTTTTAAAATGGCAGTTCCCCATTGCAGCATCACCTACTTGTATGTCTTTCTGCCTCTGTATATGTTCTCCCAGAAACCCCCATGTAAATCAAATGCCCTAGGATGCTTCCATCCTGGTCCCATGTATCTGGAATCTAATAAATAAGGAAAGGAA
GAPDH,CATTGCCCTCAACGACCACTTTGTCAAGCTCATTTCCTGGTATGTGGCTGGGGCCAGAGACTGGCTCTTAAAAAGTGCAGGGTCTGGCGCCCTCTGGTGGCTGGCTCAGAAAAAGGGCCCTGACAACTCTTTTCATCTTCTAGGTATGACAACGAATTTGGCTACAGCAACAGGGTGGTGGACCTCATGGCCCACATGGCCTCCAAGGAGTAAGACCCCTGGACCACCAGCCCCAGCAAGAGCACAAGAGGAAGAGAGAGACCCTCACTGCTGGGGAGTCCCTGCCACACTCAGTCCCCCACCACACTGAATCTCCCCTCCTCACAGTTGCCATGTAGACCCCTTGAAGAGGGGAGGGGCCTAGGGAGCCGCACCTTGTCATGTACCATCAATAAAGTACCCTGTGCTCAACCAGTT
GBX2,TTGGTCTTTTTCCCCCCCTCTCTCCTTTTTATTATTCACAAGACTGAAATTGTTTAAATGTCATAACTTATAAGAAAATAAGCTACATTGAAATAAATTAACACAACGGAGACGTGCTTCACATGGCTCAGATAGGATAGGCAACCCCAGGGGAAACCAAAGCCAGGCAAAAGCAAAGCAAAGCAAAGCGAATTTCCAGGCTGCCTAACAATGTCTGCTTTTCAGTCAACTCAAAAAGCCAGAACGCAAACCAAAATCAGTTTAAACCCCAGTGCTTGTTCTTGGGTTTCACGTTTACCTTTGGAAAAGTATGGAAAGGTGGCTGCTAACCGCGCAGATTACAG
KLF2,CAGCCCCACTAAAGCATCGTGTGCAGTGGGTCCTGCGTCTGCCAGCACCGGGACTGCCAGCTGCTGTGCCTGCCTGCCAGGAACCTGTGGGTTTTTCTGTAAATTTAGACACTGCATTTTAGGACTGAGGGAGGGTTATTTTAAGGTTGTTCTTTGAGCCATAAATTGCCTCTTTGCCCCACAGCTGGGGAAAGTGCTGGTCCCACTGACGTGGCCTCCTCTACGTTGAAAAAAATAAAACTACTTACCTCTTCCTGGAAGCCTCTGAGGTTTTAGCCAAATTTCTGGAGTGCCAGCTCTATATTTTTATTTTTATTTTTAAAGGGGGTTAACCTGCTGAGTTTCTGGCATGTTCTGCCCTTTACTCGTCTCGACATTTAGCAAGTCTTTTCTTAAGGGGTGAGTTCCCCATTCTGCTAGCGGAAAACAGTGAAACCTGCATTCGAGGGCCATGCATGAAGCTCTTTTCCAGATGAGGAAACGGAGGCCCGGAGAGGTAGCGGCAGGGTGGTGGAGTTGGGTTGTTAGCCTGCTCTGTCTGCCTCCAAGGGTCCCTGAACCCCACTGGAAGGGAGTGGTAGCTTTCTACAATGACCCACCTGTTGTGTGCATTGGAAGGCTAGGAGAGCCTCCTCCCCTGTAGGTCTCCTGGTGCAAAAAATTCACTGCCTCAATGGTAGGAGGTGACCAGTCTGGAAACCCACCTGGAGAGCAGAGGAGACCCCTAAATCCCACCACCCCAAGTGTCTCAGGCAAGGAGGTATCTCTCCCCCCAGATTTCACCTGCCACCCCTCACCTTCCCCATTCTCAGGGGCCCCGGGTAACCATGACCACCAACCATTGCACAAGTTTCCAGAAAGTGAAAATAGCTCGTAAGCAGCGCCTGCTTTAAAACACTCTCACCCCGTTGCGACAGAGGCTGGGATTTCCTCCCTCCCTGCATCCTTCCTCCTCCCCAACTACGGCAGCCCTGGAAACAGCTGAGAGGTGTTTGGTAATCCACGAAAAGCAGAAATACGATTTGACAATCTGATTCATTTTCCGAGAGTAAATAGCCTGGCCTCACTTCC
KLF5,TGGAAACACACCTACATGAAAAGCAGAAATCGGTTGCTGTTTTGCTTCTTTTTCCCTCTTATTTTTGTATTGTGGTCATTTCCTATGCAAATAATGGAGCAAACAGCTGTATAGTTGTAGAATTTTTTGAGAGAATGAGATGTTTATATATTAACGACAATTTTTTTTTTGGAAAATAAAAAGTGCCTAAAAGATGT
MBD3,GCAGAGACAGGAGCATTTTATTGCTTGTAAATTACATCTCAAAAAACCCACTTCACACACGTTAACTGGAAATATCTTCAAATGAACGGCCGTGAGCGTGGTTATTTTGGTAACCAGAGAAGGCTAAAAATTAAAACTGTGAAAATTAAAACTGAGCAGGGAAGGCAGTTTTGTGGTCTCATATTATTTGCCCTCAACAAAATTCTTTTGCCCGTGGCCAACATGGTGAAACCCTGTCTCTACTAAAAGTACAAAGATTAGCTGGGTGTGGTGGCGGGCGCCCGTAATCTCAGCTACT
MLH1,GCCTTGCGCTCACACATTCTGCCTCCTAAACATTTCACAGAAGATGGAAATATCCTGCAGCTTGCTAACCTGCCTGATCTATACAAAGTCTTTGAGAGGTGTTAAATATGGTTATTTATGCACTGTGGGATGTGTTCTTCTTTCTCTGTATTCCGATACAAAGTGTTGTATCAAAGTGTGATATACAAAGTGTACCAACATAAGTGTTGGTAGCACTTAAGACTTATACTTGCCTTCTGATAGTATTCCTTTATACACAGTGGATTGATTATAAATAAATAGATGTGTCTTAACATAA
MYH10,CCACGTTCACATGATTATTCTTGTTTATTGAGGTCTCTTTATTCTCCACGGGTGCTTTTTTCTTCAAGTAAACAGAGCAGGCGCAAATATCTATAATGAATAAATTTATTGTCTTACAAAAATCATTGTCTAGAAATATGGGAATACAAGAAAAGATATTTGCGGTCAGGTGTCTGGTGGTCAACAGCCAGTACAGTTCATAAAGGGGGAAAATCCAAGATTCCAAACCCACAGGACAAATTCTTCCTAATAGATGTTAAAGCTTTTAACCCAAAAGGTTTGTGTTTTCAAGCACATTGCAGAGGATCA
NANOG,ACAGACAAAAGCTTCCGGCACAGGAAGTTAGTTCGACTAAGGATACCGAAATGTAGGAATTTGAATGGGTTCCTGGGTGTGAGGTTGAAGTGAAACTTGATTGAAAAGAAGCTGCTGGTGGTGAGTCTCTCCTTAAGCTATTCCTGGCTTCTGGGTAGTTGGTGTAAACTCTGTGGTCCTTGAATAAAGTGTGCTTGAGAATTTTA
NODAL,AAAGCTCATGGCTCTTCTGAGCCTGACAACAGACATTTAATATGAATGCATTAGGATTCACCAGCGTTCCTTTTACAAGTGGAGACTGGACAGTGAATTGCTCACCTGAGGTCGCACAGCTTCCAGTGGCTGAGCTGTGACCATAGAGCAAGTATCTTGCCACCCAGGGCAAGGCCTTCACCACTGCTGGATAGGAAGCTCAGAGGCCTCATTAATAGCACACATTGAGAGACTGAGGTGGATTGTCACCAACTTTAACAAACTCAGGCTGTGTCTGCCGAAGCAGACTGACGCAGGGATGTCTTCTGTAACCCAACATGGCCGGTCCTCTTGGATGAGTTCCTGCCTCTGCCTTCACAGGCACCAGCTGGCCCAGGAGAACTAGACAATGGCTTTATTGTTGTACAGCTCATTAGCAGAGAACCACTCCAGTGAGCCTCTGGACAAGGCCAGTAGATTGCCACTGGCCAGCCAGAAAGCTGTGGGGCTCCCCCAACCCAGCCTGAGGCAATGAGATTGACGGACTCTTTTTAATCTATACAGTGATCCTTAATCTTTGGGGAGGGGGACAGGTCACACACAGACTACTTTGGAGAATACATGAAAGCTATAGGTGACTTCATCCCACCTCCAAAATACATGCACATATGTCTCAACTTTCACATACAGTTTCGGGGGGTTCACAGGTTTTTAAAAAATCCAGTAAAGAACTCATGCACTTGTGCTTTTCCTTGCCACTGTCTTTTCAGTAAAGAGAACATCCAGCCAGCC
NOP14,TTGTTTCATTTATAATTGAAAATATAATTTGCATAACAACAGTAAATTCTACACATGAAGGCAAACGTCCGTGGTTGACAGAAATTACACTGGCCAGAATCCCCAGTCCCCATGAGGCTTGTCCAGACGCAGTGAACCAGTCGCAGCTGATAACACACAGACCATTCCCGATCCCAGAGGTGCATTTCAGGATTCATTCTATTTCATCAGGTGACGTTTTAACAGAAACAAAACCGCAGGCAGCGGGTGGGGGGAGCTGGAGGTTGGAATCACACCAACATTATAGCATTATTACTCTAAAAAAAATTACTTTTTTGGCTGGGTGCTGTGGCTCACACCTATAATTGGGGGGCCAAGGCAGGTGGATTACCTGAGGTCGGGAATTCGAGACC
PGK1,TCCCCAGAGGTGACCACTTTCAACTCTTGAGTTTTTCAGGTATATACCTCCATGTTTCTAAGTAATATGCTTATATTGTTCACTTCTTTTTTTTTTATTTTTTAAAGAAATCTATTTCATACCATGGAGGAAGGCTCTGTTCCACATATATTTCCACTTCTTCATTCTCTCGGTATAGTTTTGTCACAATTATAGATTAGATCAAAAGTCTACATAACTAATACAGCTGAGCTATGTAGTATGCTATGATTAAATTTACTTATGTAACTTTTATTGTCTTTGGCATTAACAGTGTTTCAAAAAATTTTCTGTGTATACCCATCAGTGATTCATTCCCAAATCTTCTAGAAGCATAAGTGTCTCAATATATTAAAACATATTGAATAATCCTTGTTAGAGTTATCCCTGCAGGAGTCCTTAGTGCTCCTTTATCCAATTTGTACTTGATGCCCTCTAGGCAGGGTGTACAGCTAGCTGTTGCTCTGGTATTTCCTATAACCTTCTTGGGGATTTCTTTTACCTCCTGTGTTAGACTCCTGTTTTCTGGATTCCCCCTTTTCCCTCTTTCTTGGTCTACTTTTTGTAGAACACAAGACTCTACTAGCTTCCTGAGAAAGGGTGCCTGGGAGGCAAAATCTCTAAGACTTTGTAAGTCTGAAAATGTCTTTATTCGACCCTTATACTTGATTCCTAGTTTGGCTATATATAGAATTTTAGCCTGAGTATCACTTTTTGAGACTCGAAGCCACTGTTTCATTGTCACTATTGAGAATCTAAATGGCCATTCGGATTCTTTCATCATCTTTATAATTTTACCTTCCTATTTCTTTCCTGTCCTTTTAATGGAGTTTTGGGAGAGAGCAGAGGTAAACATGATTTGAAAAAGCCATGTCTGACCAGAAATTCTGTGCTGGAAAGATATGTATTTCACCTTTAGGGACAAAGAAATAAACTTTTGGACAGGACCACAGAGCTAGTAAGTAACAGCAGGGATTCAAGTCCAGGTTTGTCTGGTTCCAGTGGCTGATGCTTTTCCAATGTGCCTCCGTCCCTGACATGATGCTTCTAGGCTATAGATGCTTCTAGACTCTATCCCTGACATGATGCTTCTAGACTATTTTGTTTAACCCTGGATAGAATAGCAAAAGAAAATTTTGGTGGTTGCTCTAAACAAAACAGAAATTTGAAAGCTCAAGTTTTTTCTTCATTTGTATTTTAGTTAATACTGTACCCATATTTGTAGTTAATTTTAAATTGTACCATGTTTCTGCATACCTCTATGGGTACTCAGGAATTCTAGTCCAATTTTTGTGACTTTTTCCTACTGATTACCTTTCCTCCAACGTTTTAAAAATTATTTCAAATGGAACTGAAAGAAGCATAAACTCCCATAAACCCAGCACCTAGACTCTACAATTGCCAACATTATCTATCCAACAATCTCTGACTGTACCTTTTAAGTACTTTCTACTGGACTGTTTCCAGGATCACCCCTCATTTATTTGGGTTGTTAACCTAAAGAATGAATGGGGGAATCTCCAGTCATAAACAACTTGTCAATTAGGCAAATATTTGAGTTCCTTCTATGTGCTTAAAGACGTGATAGAGGGAATATAAGAGCATTTATGTTCTGAAGGAATTTTTAACCTAACCAAAGAAGATAGTAGATAACTTGTGTGCATATAAGCTAGAACAGTATAAGGGGCCGGGCATGGTGGCTTACGCCTGTAATCCCAGGACTTTGGGAGGCCAAGGCGGGCAGATCACCTGTCAGGAGTTTGGGACCAGCCTGGCCAACATGGTGAAACCCCGTTTCTACCAAAAATACAAAAATTAGCCGGGCGTGGTGGCGTGTGCCACTGTAGTCCCAGCTATTCAGAAGGCTGAGGCAGGAGAATCACTTGAACCCGGGAGGTGGAGGTTGCAGTGAGCTGAGATCACGCTACTGCATTCCTGCTTGGGCGACAGAGTGAGACTCTGCCTCAAAACAAAAACCCCACAAAACAGTATAAGGATGTGCTTTCTAATTTGGAATTATGAATTATTGGTAAAATATTGCAAAGGTGTATGCTTTAAGTTGTAAATTCACCTTTAACCCTAGACTATATATGTGTGTTTATATGCAGAAAAAAATAATTCCCATGTCGTAAGTGAACAATTTGGTTCTTTAGCTCAGTGTTTTCCTGTTTTCTTCATTTCCAAAATTTCCCTCTAGCACAGGGGTTTACACATGATCAAAAAGGAGTATACAATGAAGACACCTTCCTCAGTCCCCTACCTACCAGTTTCCCTCCCCAGAAGCAACCTCTGGAAGACCAGTTTCTTTCAATCTAAGGCTATTTAATATACATTAAGAGGCCGGGCGCAGTGGCTCACGCCTGTAATCCCAACAACACTTTGGGAGGCCCAGGCAGGCGGGTCATGAGGTCAGGAGATTGAGACCATCCTGGCTAACACGGTGAAACCCTGTCTCTACTAAAAATACAAAAAATTAGCTGGGCGTGATGGTGGGCGCCTGTAGTCCCAGCTACTCGGGAGGCTGAGGCAGGAGAATGGCGTGAACCTGGGAAGCGGAGCTCGCAGTGAGCCGAGATCACGCCACTGCACTCCAGCCTGGGCAACAGTGAGACTCTGCATAAAGAGCATACCCATGTGTGTACCTATCTATCTATCTATCTATCTATCTATCTATCTATCTATCTGTATATAGATATATTAAAATGTAAATGGTGGCA
POLA1,AAACGGGGAGAGGGATGCTTAATTGGCCCTGGCGCTTGCTATTTTTTTCTCATTTCTTCACAATAGGACCGTCTTTGGCAGCAGCAAAATGTATTTCAGTATGGCAGTCTTTCCTCTCTTACATTATTGGTAAGATTATACTAACAAAATGTTTCCCCTTGTACAATTATGCTGTGTTTTTAAAAAACATTGACCTGTGTGTTTTTATAAAAGAAAAAGTATGTTGTGCCTTCTTCTTAAGAATAAAGTTTTCTAAAGGGAAA
POU5F1,TAAGTGTGTCTATCTACTGTGTCCCAGGCTTCTTTATTTAAGAAAAAAGTGATACATGATGTGGGATTAAAATCAAGAGCATCATTGAACTTCACCTTCCCTCCAACCAGTTGCCCCAAACTCCCCTGCCCCCACCCTTTGTGTTCCCAATTCCTTCCTTAGTGAATGAAGAACTTAATCCCAAAAACCCTGGCACAAACTCCA
RPL3,TGTCAGTGGAAAATAACTTTTATTGAGACCCCACCAACTGCAAAATCTGTTCCTGGCATTAAGCTCCTTCTTCCTTTGCAATTCGGTCTTTCTTCAGTGGTCCCTGTGGGGAGAGAGGCAGTGGTCAGAGGTAGAAGATGACAGGTGACAGCAGATGCCCACTCTAGAGGAGACCAAGACTCTGGGCCAGTCTCCACAGCCACAAGAGAGGCCTAAGGC
SALL4,TGAGAAAAAAAAACATTCAAATTTTATTTTCCAACAGACAGACAGCATCAGCAGGTACAACTACAGGGGTTTCTCCGTAGATCATACATTCACAAGGCATTATTAGCTCAACAGTGAGAAAGCCACTGGTGTGTTTTCTGTAACAATATCCACTTCACAGTGTAAACAGGTACTATTATCGTGTTCACTTACAATTCCAGAAGGAAAGGCACAACTTGGCAAAAAAAAAAAAAAAAAAAAAAAAGGGGGGCGGAATCCTAAAGTC
SOX12,TGGGCCTTTCTTGCGCTCTATTTTTTTTTTTTTTTTTTTTAAGAAAAACAACAACAACAAAAAAAGACAATGAAAAAAAAAACGTCATGTGAGTGAAGAGATGTCACTGTCTGTGGTCTTGGAGAACTAGTCTCGTAGCTGAGGGGTGGGGTCCCTCTGTCTGGGGCACTGGCACCCACAGCAGGACTCCGCCAGTCTGATGCCAGGACTGAATAAAGTGTATTTGCCCCGACCTTGCCCTGTGGTTCTGCATGTCTGTGCTCTTCCTCAACCCTCCCTAAACAGTTTGCCAGATTCAAGTCCGTGTGATTTGGGCCCGAGCTGGGTGTCCCAGGGCAAGCCACCTTGCCTGTCTAGGCCTCTATGTCAGGACTCCCTGGCCTTCATGAAGAATAGCAAACTCATCCCTGTAGGGACCAGGCAGGTAACATAGACGAGTGACTCTGGGTGGACAGTGGTGTCATGACCCACTTCAAGGGGCCTACCTCCTGCCAGTTGTGACCCTGTGGGAATGCAGTCCACAGTGGCCAGGTGGCCAGATTTTTCAAGAAAAGCTGGATGGATGTTTCTGAGTCATCTTAATTTCAAAATGAGACTCATATTTTAAAATTTCTGTGGGCCAAATGAAACAAGTATGCAGGCAGGTCTGGTCCGAGGGGGCTGGCTTGGCCATGCCTTTCTGTGCCTTTAATGAGGACTAAGAAGCAAGATTGGGCCACACTGTCTGGACTCAAAGCCCAGCTCCACCACTGAGCACCCGTGTGACTCTTTCCATATGTATAACGTGGGGATAATAATAATAGCTGCTTCACAGGATGAAATGAAGTTTGAGGTGAGAAGCATTCACCATGGTGCCCATCGTGTTACTCCATTGTCAGAGGAGGAAACGGGGTCAGGCAGGAAAGCAACTTAAAGGAGGGCCTGCAAGCAGCCAGGGTCAGAGACAGGGCTTGGTTCTGCTTCCTGGTGAAGCATGGCTTCGGGGTGCTGCCTCTCCCTCCCTGTTTGAATCTGCAGATTGTGTTAGGCCCCCAGCTGAGGGCCTGGAGTGGTGGGATTGGTCCCAGTGCCTGGCGCACATTGGCCTGCAGAGTAGATTAACTGAATGACCAAAGAGCAACAGAAGTCTAGTGATTCTTGTCTTTGAGGTTCTGACTGGTGTTTTACAACTGAGTCCAAGGCTTTTCCCTCCTTTGTCCCTCTGACACCCCTCCCCCTAATTCTCATCTGTCAGATCCAGTGTATTCCTAAGCTGGGACAAAGCCTCTGTTTTCCCAGTAGGAGCCAGGGCTGAGTGTGGAAATTACAGTGACTGCTTCTTCTCAGCTTCTCTGGTTGAAAGCAAGCTGGCGAAGTAAGAGGAGGTAGAGTTGAGAAGGTGTGGAAGATAGGGACAGCTGCCCCCAGAACTCCCTTCAAGGGAGGACTTCCCCAGCTATGGGAAGTGCCATCAGGGTGGCCGCAGCTGCAGAGAGCCACTTCACCTGAGACCACGCCCTTCCTGGGGCAGCCTGTATCTGGTGTCTGAGTGAGGCATGGTATAAACACCTGGTCATTTCAATCCAACATGGGACGGACACTGACAGACAGTACTCCCAGCAGGCCCAGGCCAGCCAGGGCTTCGTCAGGCCTGCAGCACAATTTGACTTCCTATGCCCAGGCCTGCTTCCTCTTCTTCCTCTTCTTTTCACAGGTGCTTATTCCTAATAAACATCTTGCAACCCAAA
SOX2,TAGCTTTTGTTCGATCCCAACTTTCCATTTTGTTCAGATAAAAAAAACCATGAAATTACTGTGTTTGAAATATTTTCTTATGGTTTGTAATATTTCTGTAAATTTATTGTGATATTTTAAGGTTTTCCCCCCTTTATTTTCCGTAGTTGTATTTTAAAAGATTCGGCTCTGTATTATTTGAATCAGTCTGCCGAGAATCCATGTATATATTTGAACTAATATCATCCTTATAACAGGTACATTTTCAACTTAAGTTTTTACTCCATTATGCACAGTTTGAGATAAATAAATTTTTGAAATATGGACACTGAAA
STAT3,GACGGTTCCTATATAACGTTTATTTCTGGAAGTTAAAGTAGATACAGCAATATACCAAAAAAAAAAAAAAAAAAAAAAGACAAAAAACCTCACAATAATATAAATTTTTACACTATGAAGTACACATTGGAATTTGAATGCAGTGGCCAGGACAGCAGCTTATAAACCACCTTATAGGTAGGTAAGCAACCCACGGGATTCC
TCF3,CATCGTTATAAAATGTCACGTTTATTGCTACAGTGCTGTTATATACAGGACAGGTCTCTGAATCCACCTGAAAGAGGGTCGTTTTAAAGTCCCAATCATCCAGCCAGCTGTGTTGACACGTATACAATTATTTTCTTTAAAAAAATTTTTTTGAAAACCATCTTGAGGCACTCAGATCACACCCCCCACCCCCCATAATTGTGGTTCCCAGGAACTGCTGTTTCTTCCTCCTCGCGCTGGGTGAATCTCGTTTG
TFCP2L1,TTTCTTACAAATGTGAGTTTTATTTGCATTCTAACCCAAGCACAGATCCCACATACAGACTTCTCGTCCGCACTATGGTACAGTAACAAGTGCAAAATATGCTTTATTTCAGGTACAAAAACATGGCAGTAGGACAACTTTGAGCTCAACGCCCACCTCCCCAGGACCTCTCACACCCACCTGACCCATCCAAGGGCCACACCACCCCGACAGATACTCCCACCAC
TUBB2B,AAGCAGAGTATCAGCAGTATTTTGACAAGGTATAATTTATCCCATAGGAACATCTTAACTGAAAATCCATTATTGAAATCCTATAGCTTCTTTAGTGGTTGAGTTCAAGTCCAGAGTCAGACTTGGGTTCAAATCCCAAATCCTATTTCTGCATGGAAAAAAAAATGCAATAGGCTGAAAATTATTCTGGATTGCCTACTTAAAGTAAAATTCCCCAACAATGCAGAATTTATAATTCCATCTAAACTCAAATGATGTTAAAAATAAGTACAAATAGTTTGTAATATAGTATAAATATGATTGCCTGGAGAAAAAGTTGCTTGAGAATTGAGAATGAGCCTATTCACTGTTTATAACTCTATAGCTATTCCTAAGTGCAGGTGATATAACTTAAAAAGGCACATGCCTTTGACAAAAAATTCCATTTGTGGAAATTTACAGGATAACTATTCTCATATGCACACTAATAAATGAACAAAATTATTCATTGTGACACTATGCTGTAAGTATAAACCTTAATGACCATTGGTAGGGAATTGGCTAAATAAAACATAGCACAACTATATAATGGACGCTACATATCCATTTAAAGGAGGGAAGCTCTCTGTAGGTTCAAGATACACTGTTTAGTGAAGAAGGCTGCAGAATTGTGTTAGTATCACATCATGTGTGTGAAGAAAGAGAAAAAGGAAATATCCTACATGGGTTTGAAAATATATGGAGTATTTCTGCAAGGAAGTAAGAAAGATAACCGTGATTAGGATGGTTTCCCTCCAGGGAGGAAACTGCATCAAGGAACACAGGAAAAAGACACACTCACTTTCCACTCTTCAGAATTTTGTGCTGTGAGTATGTAGGAACTATTCCAAAAATGCTTTTTTTTTTTTTGTAAAGGAGATAAAAGCATAGTAGGAATTGCACATGAAGACACACACTGTGCTTTCAAGTAGACATTTTTTCAACTAATATTTATTAAAGGTATTTTAAAACTCAGGTTGATCTCTCATCTTAACTGTGATTGGTTCAATTTTACCATACCGAAAGAATAAATTCATTTGAGCTTTTACCTACGCCTTTGCTTTTTGTTAAAGGAAGAATTCAATGCAATGTGTTCAGAAAGTTACATTTAAATCGTTAATAAAGAGAAAAAGGAAGAGAAAGAGAGGACACCATTCCGACACA
XYLT2,AGAACAGGTGATATCGGGGGCGCTGCAGAGCTGGGCTCTAGCAGGACAGTTCTTTTGTAGCCAGGGGACCCTAGAAGTGGGGTGGGGCGGCTCCAGGGCTTTCCAGCATACCCTGCCCCTGGATGGGAAAGGCAGGGTCAGGGCCCACTGAGACCCATGCAGAGTTTCCAGGTGTGCACTGGAAGTGAGGTCACATGAGCAGCGTGGGAAGAAGACTCTGTCAAGACTCTCAGAAGAACCTGGAGTAATTGTGCCTGAAGCTCAGCGTGAAGTCTGAAATATGCAACAGAAGAAATATATCTCTATCTCTCTACTCTGGGCTCTGTGTTTTTCCTCCTGGGTGTCAGGAAGCCATCACCATTCATTGGGCCTTCTCCAGAAGTCTTAGCTGGTACTTTGGTAGCCTTGAGAAGGTAAAGATCTCATTCCTCCAGATTAAGAACAGTTTAGAATCCACCCAGAGGGACTCAAGAACCCATCTAGCCTGGGTGCAGGGGTTCACGCCTGTCATCTCAACACTGGGAGGCTGAGGCAGGAAGATTACCTCAGCCCAGGAGTTTGGGACCAGCCTGGGAAACAGTGAGACCTCGTCTCTACAAGAATTTTTTTTTAATTAGCCAGGCGTGGTGGCGCACATCTGTAGTCCCAGCTACTCAGGAGGCTGAAGCAGGAGTTTGAAGCTGCAGTGAGCCAAAATTGCACCACTGCACTCCAGCCTGGGTGACAGAGTGAGACCCTGTCTCAAAAAACATCTAATCCAGCTCCTTTTTCTGAGGGGTAAACAGGCCCAGAGAGGCTCAAAGACTTCTTCTTTGCCACCCAGCAAGCCAGGGGACCAGCAGGACCTGAGCTTAGTTTGAGAGCCCTGACCCAGCACTCCCACCCCCACCACCAGGCCAGGCTGCAGCAGGTGCTGGCTTCTCTATCCTTGGCCTTAGCAGGGTCCATCCTAGAAGACTGGCCCTGCCACATGGGGCACCTTCAACAGAGGCAATCCCAGCCATGGCCTGGTCGTTATGATTGGAGCTTTTTCTTTTCGGGGCAGGAGCAGCAGCAGCCTAGGTCCCTCGTCACTGTCCTAGGACTCATGTTGAAAAGGGTTGTCCATCCTCCCTCCCTTTCCCAAGCCTCCTCTCCCCCTCCCACTCTCCTACCATTGACAGCCGGAGCTCGGTATCAGTCCTTCACAGCTTGCTTAATGTGGGAGCAAGGGTGAAGGTTTCTAGACCTCTAAAGTCACCCTATCAGCCAGCCACACTGAGCTCAGCTTGGGGAACAAATTCCTGCCCAGGCTGCCACATGTCAAGTTCTCCTAGTTGCCAGGAGGGGGCACTCCTGACAACCAACCGATAACAGCACTGGGGTTTTTGTCAGCTGCCGTGGTGCTAACCATGCCTGTAGTATCTCAATCCTTACAACTCTTGGAGGGAGGCATTTTTATTATCATCATTTAGCAGATCAGAAAACTGAGGCTTAGAGCTGTGAAATGACGAGCCCAAAGTCACAGCTAACTATTTGATGGTGGCAGCAGCCTTCAGAAAGAGGCAGGAAGCCTCCAGAGCCACTCAGTCACTACACTCTCCGGCTCGCATAAGAGCCTGGCTGGGCAGGTAAGCAGGAAGGAGCTAATGGCAAGAATTCGAAGGAAAAGGTACTTAGGTTCAGAGGCTAAGATAATTCGTTTTTTCTGGCTCCTGTTTTAGTGAACATCTGAAGCTGTACCCTGGTTCTCCAGAATGTTGTGGTTTTTGTTTCCCAATATCAACTCTCAGGTCAATAAGGAGGAAAAATTAACAACTAGGTTCAGCATATTAGGCACAGGCAGTAAATATTAGAACACTTAGACTCTGCTGGCCAAGAGCTCACAAACTAGCCTGTGGGTTTAACCTGGGCTATGGCTGTGCTGTGTTAGGCTAGCACAACGGTTTTCAAAGTAGTAGTAGTATTTTTAGAGACAGGGTCTGGCTCTGTTGTCCAGGCACGATCACGATCATAGCTCACTGCAGCCTTGACCTCCTGAGCGCAAGTGATCCTCCTAAGTAGCTAGGGTCACAGATGTGCACGACCATGCCTGGCATGCATGCATTCTTTATTTATTTATTTATTTATTTATTTATTTTATTTATTTATTTATTGGCAGAACAGGGGTCTCTCCATGTTGCCCAGGCTGGTCTCAAACTCCTGGCCTCAAGCAGTCCTCCCGCTCCAACCTCCCAAAGCGTTGGGATGACAGGCATCAGCCACTACTCCTGGCCTCAAAGTACCATTAAAAAAAAAAAAAAATCTTAGGTAACACATGC
ZFP42,ACTTCATGGTTCATGTCATAGCCCTAGAGAATGAAAAATTTGCAGTAGATAGTCAATAAATGAATCAGTAGTTAAATATTCCTTAAAGTCAACTGTATTTCATTGTGATTTTTGTTTTCTTTTTATCATTGTATCAAACTATATGGAAATCATATGGTTAGATGTGATTATTTGATAATGTTAGTCCATTTGAATCCATTTTAGATATTTCACAATTAAAGAATATGAAACTTCA
