ID,Dir,Sequence
AMPL587855,for,GTACTCGCAGTAGTCCATCATAGAGGCCAAAACTTGTGC
AMPL587856,for,GTACTCGCAGTAGTCTATTCCACCACCTGGGCGT
AMPL587857,for,GTACTCGCAGTAGTCTTTAGATGCTTTCCTGTCTCTAAGC
AMPL590824,for,GTACTCGCAGTAGTCAGGAGGGCGAATTCATGGCTT
AMPL587813,for,GTACTCGCAGTAGTCATCTTTCTTCCCAAAACTAAAACTGATTT
AMPL587814,for,GTACTCGCAGTAGTCAGTCCTCTAATTCATTAGTCCCTAGG
AMPL587815,for,GTACTCGCAGTAGTCGATTGGGTTGGAGGGAAACATAG
AMPL587787,for,GTACTCGCAGTAGTCTTTAATTCATTCACTCACTTGGTTTTCAG
AMPL587788,for,GTACTCGCAGTAGTCCATGACCACGATGAGCTGTTC
AMPL590825,for,GTACTCGCAGTAGTCTCATGGTGTGGTCGCAGATC
AMPL587789,for,GTACTCGCAGTAGTCTTATTTCTACCACTGTTGCCTCAC
AMPL587864,for,GTACTCGCAGTAGTCTGCTTTTCTTAGCTTGTGTTCTACC
AMPL587865,for,GTACTCGCAGTAGTCAAGAGAAGAGGGAGGTGAAGC
AMPL587866,for,GTACTCGCAGTAGTCGCAGCAAGCCGGATTAGTAC
AMPL587790,for,GTACTCGCAGTAGTCTAGAGAGTCCCTCGGCTTCT
AMPL587820,for,GTACTCGCAGTAGTCATCTCCGTTTCCCTTGGCTTA
AMPL587821,for,GTACTCGCAGTAGTCTTATTGCGAGGTGTTACGGAGG
AMPL590826,for,GTACTCGCAGTAGTCTACATTAATTCCTAGCTACCACTTCAC
AMPL587791,for,GTACTCGCAGTAGTCGAGAAGTCTGAGATGGAGAAAGAGTG
AMPL587792,for,GTACTCGCAGTAGTCCACCAAAGTCCCAGAGTTAGCT
AMPL587824,for,GTACTCGCAGTAGTCTTCCGCTATCACTACTCTGGG
AMPL590827,for,GTACTCGCAGTAGTCGCGGCTGAGGAAGGTGAAGA
AMPL587794,for,GTACTCGCAGTAGTCCCTTCATAGGTGTAGCCAACTG
AMPL587795,for,GTACTCGCAGTAGTCAATGCAGCCAAGCTTCAGAGA
AMPL587796,for,GTACTCGCAGTAGTCTCCTTGCATCCTCTCAGATCTC
AMPL587797,for,GTACTCGCAGTAGTCCATTTCCTTCTTCTCCGCCCA
AMPL587798,for,GTACTCGCAGTAGTCTTTCAAAAGAGCTGGGGGTTTT
AMPL587830,for,GTACTCGCAGTAGTCCTCGCTGAATCTGTGTTCCTCT
AMPL587831,for,GTACTCGCAGTAGTCCCTCATTTGTTCCACAGCTAAAACT
AMPL587832,for,GTACTCGCAGTAGTCTTTGGTGCGTGTGAAGCG
AMPL590828,for,GTACTCGCAGTAGTCGCAAGAATGATGTCTGCAAAGC
AMPL587799,for,GTACTCGCAGTAGTCGATCTAAGAGTGGGGTGTAAAGTCAG
AMPL590829,for,GTACTCGCAGTAGTCAGAAAGCCTAGGTCTCTTAGATGAT
AMPL587855,rev,GTCTCGTGGGCTCGGAGATGTGTATAAGAGACAGCGGTGAAGTCTTTCTCTAACTGTT
AMPL587856,rev,GTCTCGTGGGCTCGGAGATGTGTATAAGAGACAGTTCGTGCACACCCTACCG
AMPL587857,rev,GTCTCGTGGGCTCGGAGATGTGTATAAGAGACAGGATGGAAGATAAGTACCCAAATAACCA
AMPL590824,rev,GTCTCGTGGGCTCGGAGATGTGTATAAGAGACAGCTTCAGCATTTTCCAGCGCT
AMPL587813,rev,GTCTCGTGGGCTCGGAGATGTGTATAAGAGACAGCAAAGGCTCGTGTCACTATGCC
AMPL587814,rev,GTCTCGTGGGCTCGGAGATGTGTATAAGAGACAGTTGAGAGTAGAATTGCTGAGTCATGG
AMPL587815,rev,GTCTCGTGGGCTCGGAGATGTGTATAAGAGACAGCCAGTGTGGTGACTTCCTTAGTT
AMPL587787,rev,GTCTCGTGGGCTCGGAGATGTGTATAAGAGACAGAAAGGCAGGTGGAAAGGTATTTC
AMPL587788,rev,GTCTCGTGGGCTCGGAGATGTGTATAAGAGACAGTTCTGTGTCCCGGTTCTTCC
AMPL590825,rev,GTCTCGTGGGCTCGGAGATGTGTATAAGAGACAGTGCCGGACTTCACCTTCTTC
AMPL587789,rev,GTCTCGTGGGCTCGGAGATGTGTATAAGAGACAGTTTGGAAACCTTGAAGAGCGAC
AMPL587864,rev,GTCTCGTGGGCTCGGAGATGTGTATAAGAGACAGCAATCACTGCTCATCTGTCTTGC
AMPL587865,rev,GTCTCGTGGGCTCGGAGATGTGTATAAGAGACAGTGTAGTCCTTGGAGGCTCAGG
AMPL587866,rev,GTCTCGTGGGCTCGGAGATGTGTATAAGAGACAGATGCAATCGGGACCTCCTCC
AMPL587790,rev,GTCTCGTGGGCTCGGAGATGTGTATAAGAGACAGTTCTCGCGCCATAGCAAGG
AMPL587820,rev,GTCTCGTGGGCTCGGAGATGTGTATAAGAGACAGTGTCCTTACCTTCAGCAGGAG
AMPL587821,rev,GTCTCGTGGGCTCGGAGATGTGTATAAGAGACAGCTCCAGAATACATCTACCTTTGTTCAG
AMPL590826,rev,GTCTCGTGGGCTCGGAGATGTGTATAAGAGACAGGAATGGAAAGAAAGCAATGGTCAAC
AMPL587791,rev,GTCTCGTGGGCTCGGAGATGTGTATAAGAGACAGCGGAGCGCAAATGTCCTTAT
AMPL587792,rev,GTCTCGTGGGCTCGGAGATGTGTATAAGAGACAGAAAATCAGAAAAGAGAGTGGGCAG
AMPL587824,rev,GTCTCGTGGGCTCGGAGATGTGTATAAGAGACAGCTTCCCTTGGGCTTGGTGAC
AMPL590827,rev,GTCTCGTGGGCTCGGAGATGTGTATAAGAGACAGTCATCTCGGTAACCTCGGGG
AMPL587794,rev,GTCTCGTGGGCTCGGAGATGTGTATAAGAGACAGAGTAACAGAAGGGCAACGAAAGA
AMPL587795,rev,GTCTCGTGGGCTCGGAGATGTGTATAAGAGACAGGTAGCAGTTTTGAGAAGCCGG
AMPL587796,rev,GTCTCGTGGGCTCGGAGATGTGTATAAGAGACAGTTCCCCGGTAAGACTCCC
AMPL587797,rev,GTCTCGTGGGCTCGGAGATGTGTATAAGAGACAGCTCCACTTCCGCTCCGAT
AMPL587798,rev,GTCTCGTGGGCTCGGAGATGTGTATAAGAGACAGTCCCTGCGCACCAATCGT
AMPL587830,rev,GTCTCGTGGGCTCGGAGATGTGTATAAGAGACAGTCAAACCCCGGCAAAATGGC
AMPL587831,rev,GTCTCGTGGGCTCGGAGATGTGTATAAGAGACAGTCACAAACATAGCAGCCACATG
AMPL587832,rev,GTCTCGTGGGCTCGGAGATGTGTATAAGAGACAGAAAGAACGAATGGCTTCCTGAA
AMPL590828,rev,GTCTCGTGGGCTCGGAGATGTGTATAAGAGACAGCAATGAAACTGACACTCCAGCAC
AMPL587799,rev,GTCTCGTGGGCTCGGAGATGTGTATAAGAGACAGAGCCTGAGTTCTCTCCGG
AMPL590829,rev,GTCTCGTGGGCTCGGAGATGTGTATAAGAGACAGAAAACATTTGAGTGATGGGGCC