AmpID,chr,amplicon_start,insert_start,insert_end,amplicon_end,Ref_Genome,fwd_seq,rev_seq,amplicon_seq,review,Targets
AMPL1087328,chr2,9706955,9706981,9707142,9707162,mm10,GGGTACCTTACTTCATTACATGAGCC,TTGTACTCCACGCCTTGGCT,NA,0,chr2:9707000-9707100
AMPL1087329,chr2,19719912,19719934,19720100,19720122,mm10,TAGCTCCACAGAACACATGTCT,CCTCGTTCTCCAAAACCAAGAG,NA,0,chr2:19720000-19720100
AMPL1087330,chr3,20052779,20052806,20052970,20052992,mm10,GTAGCAGAAGGAAGATACATTGAAAGA,GCCTCAGAGTTTCAACAAAAGC,NA,0,chr3:20052860-20052960
AMPL1087331,chr3,80052958,80052985,80053166,80053190,mm10,AAGTTACTTGTCTAGGATGGAATACTG,GGGCAATCTTTTGTAGCTTAGAGA,NA,0,chr3:80053050-80053150
AMPL1087333,chr5,28314752,28314775,28314966,28314989,mm10,GTGAATGTAGAAAGCGTCTCTCC,CCATAAGGGCCGTACATTTTACT,NA,0,chr5:28314800-28314900
AMPL1087334,chr7,23849420,23849440,23849600,23849622,mm10,GGGGTGTCTCTGGTCAAGTA,CACCTCCTCACTGTGTCTCTAA,NA,0,chr7:23849500-23849600
AMPL1087335,chr7,53842298,53842322,53842510,53842534,mm10,CTGGGCTCATAGTAGTGAAGAGAA,CCACAGCCTTTCAGTTAGTAATGA,NA,0,chr7:53842400-53842500
AMPL1087337,chr9,30180915,30180941,30181127,30181153,mm10,GATCAAAGGAGTACAAATCAGACTGG,CAGAAACTTTTAGCCTTGGTCTTAGA,NA,0,chr9:30181000-30181100
AMPL1087338,chr9,61559974,61559999,61560135,61560168,mm10,AAATTAACCAGACCCTCAAAATCGA,GATATAAAGTTATTCTAAGTCTAACTCTGTCAC,NA,0,chr9:61560000-61560100
AMPL1087339,chr10,15985576,15985599,15985764,15985791,mm10,CAAGTTATTCCTTGGGCTTCAGA,CAACCTAGAAAGTGAACAATGCTCTTA,NA,0,chr10:15985600-15985700
AMPL1087340,chr10,85726301,85726326,85726505,85726528,mm10,TGGCCAATGATAACCTCTACATTTT,ATCATTTCTCAGCACACACACCC,NA,0,chr10:85726400-85726500
AMPL1087341,chr12,38950476,38950502,38950668,38950693,mm10,GGTAGATATGAGCATTTGGAGCATTC,GGTGGCTAGATTTGAGTCTTCTAAG,NA,0,chr12:38950550-38950650
AMPL1087343,chr13,39004738,39004763,39004946,39004967,mm10,CGAACATATGCTTGTCTTGGTAGAA,AGGACCACTCCCCTTACTACT,NA,0,chr13:39004800-39004900
AMPL1087344,chr13,79010995,79011023,79011178,79011207,mm10,TACAAAGGGAGAGATATGCATAATCATG,GAGACATCTGAATTTTCAACAATTTCAGA,NA,0,chr13:79011050-79011150
AMPL1087345,chr14,29929061,29929088,29929253,29929275,mm10,GATAGGTGCTACAAAATGGACTTGTTC,AACGTTCTTCCTCCAGTAGCTG,NA,0,chr14:29929150-29929250
AMPL1087346,chr14,89928745,89928777,89928923,89928956,mm10,TGTTTTAGGTAGTCTCAACATAATTAGTTTCC,GAATACATACTATATCTGTCTATTTGCATTTCA,NA,0,chr14:89928820-89928920
AMPL1087347,chr14,109930354,109930382,109930550,109930576,mm10,CACTGAGTTCCTAATGGGATCATATTAT,GGTAGTCTGCTTTTACCTTGTATTCC,NA,0,chr14:109930450-109930550
AMPL1087348,chr15,20189023,20189046,20189217,20189239,mm10,GTCCCTCCTCAAATGTACAGTCT,AGAGATGCAGATTGGCTAAGCT,NA,0,chr15:20189100-20189200
AMPL1087349,chr15,28191335,28191357,28191532,28191556,mm10,TACCTTGCACTTCCTTCCTACC,ATATCTCAACCACTGGCTCCTAAT,NA,0,chr15:28191400-28191500
AMPL1087350,chr15,100020738,100020760,100020930,100020952,mm10,CAACAGGTCTGGATATCGCAAG,GACAGGTTCACATAGTGGCAAC,NA,0,chr15:100020800-100020900
AMPL1087351,chr16,16197136,16197157,16197362,16197384,mm10,CACACAAATTCTCGAGCTGCC,GCTCTCTTGTTCTTGACGTTGT,NA,0,chr16:16197200-16197300
AMPL1087352,chr16,39560984,39561012,39561203,39561227,mm10,ACATGTTCATCAAATGCCAATTTACTAC,ACGATGAACGCAGAGTATATACAC,NA,0,chr16:39561100-39561200
AMPL1087353,chr17,37484940,37484963,37485131,37485155,mm10,CAGCATCAGACAGGTAAGTTCAG,GACAACTTCTACCTTCCCTCATGA,NA,0,chr17:37485000-37485100
AMPL1087354,chr17,83906277,83906300,83906473,83906496,mm10,CACCCTGGAATTCATACCCTGAT,ATCCATCCCTATTCCAAACCCTG,NA,0,chr17:83906300-83906400
AMPL1088125,chr1,17131452,17131477,17131616,17131646,mm10,AGGATAAGATTCATGACAGCACATC,CTATTTCTCCACAATATAACGTAGGAGGTC,NA,0,chr1:17131500-17131600
AMPL1088130,chr5,18241218,18241240,18241400,18241428,mm10,CTATGCAACCAGGTATGAGGGG,CAGCTCTATGGGGTATTCATAATTACAA,NA,0,chr5:18241300-18241400
AMPL1088134,chr8,3843362,3843385,3843549,3843575,mm10,AGATGTGGTAGAGTTGAGGTGTG,CTGTACTATCTTTGGTTGTTTCCTCC,NA,0,chr8:3843400-3843450
AMPL1088140,chr12,92821027,92821049,92821212,92821239,mm10,CTGCAGAGCCAATATACGTGTT,GGCTTGTTATTTGACTATTTCAGGAGT,NA,0,chr12:92821050-92821150
