ID,Chromosome,Start,End,Sequence
AMPL521569,chr2,4898464,4898722,GTGGAATAAAACATTTTGGAGACTCAGAATGGGAGTATGGAAGGGGGTGAGGAATGAGAAATTACCCAGTGAATACAACGTTTACTATTCAGCTGATGCTTACACTAAAAGCCCAGACTTCTATGCAATATATCCATATAAGACGACTGCACCTGTACCCACTATATCTAAAAAATGAACATTTTAAAAAACCATGAGAAAAGTTCTATTCAAAATCTGTTTTTATTATAATAAACACAGTTTGAAATTACCATTCTCC
AMPL521537,chr3,38552392,38552626,AGCCATCATTTCATTTAGTCCTTCCCATTGTCCTAGGAAGTGAGCAGATGCCATCATCCTTATCTTCCAGAAGAGGAAACAGAGGTGAGGTAACTTACCCAAGTTGCCACCTAGTGAGTGAGAAGCTGGGATTTGACTCAGACGTTCGGGCTCCAAGTTGATCTCTTAACCACTCCTCCTCTCTGGTACCGCCCAAACAGCGGGCCAGGAGAGATCCCAAAGTACATGCTGAACC
AMPL521538,chr3,38579568,38579819,GTTTCAGACCCTGCCCATGCATCTGGGGCATTGCCTCCAGCTGTCTTCATGGGGCCTCCATCTCACTGAAGACTCCTCCCTCAAGGGGCCTGAGCAGGCAGGTGGGAGGCTCCTGGTAGGTCCAAGCAAAGGGCCTAGAGACAGGAAGCCCCTGGCCGGCCTGGCATAACTCCCCCTCCCCAGACTCCCTGGAAGGGTGCAGCTGGGCCACGATGCCCAGCTCACAAATGCTGGCCACTGTACTTAGGAAGG
AMPL521539,chr3,38616219,38616433,CTTGGCCTCCATTCATTGTCTGCCTTCTAGGCAGCTGGTGTCCCAAGGTGACAAGGACAGCTTAGTGACAGAATAAGGGAGGACCATATCTGTGCTCCTGGCAGGCTTGCAAAGCCAGCTGAGTGGCTGGAAATAGGAGTGCAGCTGGTGGCCGTGTGTCTGTCTGGGAGAGCAATCATGAGTTAGAGGAAGTCTTAAAAGAGGACTTACAGGGT
AMPL521540,chr3,38641393,38641653,CATACATTTACATCTCATTTATTCCAACACCCAGGCTGAAGCCGAGGCTAATTCAGCTGACAGGAAAACCCCACCCGCTTTAGCTCTGCTGCTCTGCTGAAGTGATTCCCCAGGCAGGGATGAAATGAAATGGGGGTGCCTGAGACCGGGTCCTCCTCCAGAGGTGGGAGCTGAGGAAGAGTGGGCTCTTCGGCCTGAGCCCTGAATTTTGCCCACCTCCCAAGGACAAACTGGCCTGGGGGTAGCCACTCTCTTCACTGA
AMPL521541,chr3,38725688,38725918,GCCATGACCATTGTTATTTGTCCAGAGGTCAAAATTGTAGGGAACTTGGCCACCTGGAGCTCCCTAAGAGCCCCAAAGTAACTGAAAATGCTTCTGAGTGGCAGACAGCTGTCACAGAGTTCATGCTCTCTGCTGTTACCTAGACAAAGGCATGTAAAATATGGCAGCTGATAACAGCAGCTGCTGGAACACAAGTGACGACTGCAGGGAAGAAGGCTATGGGAGAGCTAC
AMPL521542,chr3,158097763,158098022,CCGCTCCTACAAAACCCAATTCTAGGCCCTCGAGTAGGAAAACGGGCAGGAGCCACGGAGCCTGCGTGCCTCGTGAGATCCCTGGTCCTGCGTGGAGTCTGGCTTTCCGAGTCCAAGATGCGATAGGGGACGAGGGATGGTCAGTGAGGCGGGAAGAGGGCCGGCTCCCGAGGTCTCAAAGGGGTAACGGAGAAGCAGCGGGGCGCGGAGGGCGTGCAGGCTGAGTGCCGCGGGACAGGCGCGACATTGGTGCTGGCGTT
AMPL521576,chr5,71956466,71956672,CAGACTGAAGACTAACCCCAGATTGCAGCTGCTTTGGGAAGAGAGGACAAAAGTATCAATTTCATGAAAGTTTAGCTGATGACAACCAAGCAGTGTATTTCCAACCTCCATTTCCCCACGTGGCTTTCTGAATTCCTCTCCCCACCAAGAGGCACAGCTCTGCAGGGCTGCAGGTTCTCGCGCAGAGAAATGCAAAGCTGAAAGCCT
AMPL521543,chr5,173235313,173235552,GATGAGCAGTTTCGTGTCACCTAATATAGTCATACGGCAAAAAAAAAAAAAAAAAAAAAAAAAAAAAAAAAAAAAAAAAGCCCTGCCCAGCTTTTTTAAAGGGGCCACGACGCATTTGGAAGGGTCTCCTTTTGCTCCTGCAGCCTGCGTTTGCTCCCTAATGTGAGCCTGAAAAGCCTACCAGAGGCATGCAGAGTCAGGCCTCTGGGCAGGGCTGGATGGGTGTGGGTTTGAAGAAAT
AMPL533398,chr6,3227760,3227950,CAGGCCCGGCTGACGTAATGCTCCGAGCCCTAGGGACCGTCCGGGGGGCTGGACCACCGGCCCGCGGCCAATCAGAGCGGGCGTGCCGACCGGGAGAGGGGTGGGGGCTACCGGGAGTATGGTGGGGGCGTGCGCATTGTCTGGGGCTGTGGTGGGGGTCTGGGTATGGGGATATGGGGGAACAGTGAAGA
AMPL533399,chr6,30888015,30888230,ACACTCATTTCTGCCATTGAGCATGGTGCCTCCCTTTTCATCACTTTCTACCACTTTTATATGTTACAGCCTTAAAAAAATATCTTGTCAGTCTGCTTGGTATTTCCCTGAGGCTGGTGAATTTGACCATTAAAAAAAATGTTTGTTGGCAATTTGGCTTTGCTTTTCTGTGAAATGACTATTCACATTCTTTGGCTGTTTCTTTATTGGGTTACT
AMPL533400,chr6,30987806,30988029,AACACAGAGACATGGTAGGTCAATGCAGAGGAAGCTGCTGACCTGCGGGAAAAGGGGGCCACAGAAAGGACTGGAGAAAGGAGAACTAGGTAAAGAGTGTGGTTGGAAGTGGGAGAAGATTCCAGAAGGCGTACGTGGTAAAGGCGTGGGAGACAGGGATGCAATTCTGAAACTATTGACTCTTCTTTTTTTAGAGAAACAGCCTGTCCCTGAGAAACACCTTT
AMPL521544,chr6,132714033,132714273,CATGCTGAAGTCCAATGAGTGCTGAAAAACAGAGCATGTCCTGGTATTTATAGAAAGAAGACACGTGGTGTCCAGAACTTAGTACCTTAAACTACGGAAGTTAATTAAGAAAACGCTATGATTTCATAGCATTGTTACATAACAAAAGACCCTACCTTATTGCAGTAATTTGTGAAGATTAACTCAAGAACTCTATGTACATTAGTTCGCTAGGGCTGCCTAACAAAATACAATAAACTGG
AMPL521545,chr6,132714560,132714830,TGTTTGTTTATTGTTGTTGTTGTTTGAGATGGAGTTTCACTCTTGTCACCCAGGCTAGAGTGCAGTGGCGAAATCTCGGCTCACTGCAACCTCCGCCTCTCGGGTTCATGTGATTCTCCTGCCTCAGCCTCCCAAGTAGCTGGGATTACAGGCGCCCGCCACCACGCCAGGCTAATTTTTTGTATTTTTAGTAGAGATAGGGTTTCGCCGTGTTGGGCAGGCTGGTCTCAAATTGCTGACCTCAGGTGATCCACCTGCTTTGTTTTTATGC
AMPL521546,chr6,133875359,133875565,GGCTATTAATTTCAGTGTCTGTCCCATAACTCTCACCAGTACAGCTTGCTAACCAACACTGAAATAACATTGAGCGTTTTGAATTTCACCTCCTCTCCTTCCCTTTCCCTCCTCTCTAATGGAGGTGCTTTACGAGTAGTGAAAAATCCCAGAAGGTGAATGGGAAAAATAACTTAACGTCAGTCCCAAAGGCTAAAGTGGTAAACC
AMPL521547,chr6,133893298,133893522,TGTCAGCAATAGTGACCTCATTACCAAGGGGTGGCGACCACATTACCAAGCGCAATTCCCCATTCTCCAAGGGCTGAGAACTTCGGTGACTTCATCCACCTGTCTATTTGCACATGGAGGACTTTTCAAGATGTCAGGATACCCTTCCATCACCCCACCACCGCCACCCCAACTTGACTTTCAAGAACACATTTCAAGCTCTGGCCAGAGTCCCGTTCCTCAAAT
AMPL521582,chr7,31017771,31017992,CATGCAGGCGTTCTTCCTTTTGGGAGGAGGCATGGGCTTCCCCTGCTGCCACAGGAGGTTCTGGGTCTAGAGAAGGTTGTCTTAGCATGGGTGAAGAAAGGGGATGAGGGAGCCCCCCAGAGAATGTCAGCAGGCTGGGGACCTGTGCAGACCCTTCAGTCCTGTTGGGGCAGCAGGGAGCAGCAAGTAGGGCAGGGCCAGGTGGTCTCTGAGTGGCTTGAG
AMPL533406,chr9,22071850,22072078,ACTTTTGTATTCCACAGTGCAGTTTGATATTGTTTGTAGTTCCAAAGCATTAAACAATGCCTTTTAATCTAGGACATGTGGAATCTTCAAATAAGAGCAGAATTACAAAGAGTTTTAGACTGCCACTTTGCATCATTCTGAGAGGCAATACCATAAGTGTTCAGCAGTCAGAAGAAGGGACAGGGGAAAGTCCTGAGCAGTGCAGGTGGATTAAGAACTAAATATGCCT
AMPL521548,chr9,22096027,22096237,CCCGTGGGTCAAATCTAAGCTGAGTGTTGAGACATAATTGAAATTCACTAGATAGATAGGAGATAGGGGTAGGGAATTCTAATCAGAGGGAATAGCACATGTAAGGCAAACAATACAGTGCATCTGGGAAAGCTATACAATTTTATTGTTATAGGACAAATGTTGGGGAATGTTGAGAGATGGAACTGGAGAGTGAGGCAGAAGTTAGCAT
AMPL521549,chr9,22114969,22115205,TTCTCCCTTACTATCCTGGTTGCCCCTTCTGTCTTTTCCTTAGAAATGTTATTGTAGTATTTGCAAGATGGCCTGAATCCTGAACCCCCCATCTTCAATGAGCACCAAATGGTAATTATAGATTCCCAGCTGTAGAGCTATGTCAGACAAAGGAAACTTCATTAGTATGTACCAATGTTTGGACTCCAAATGCTTTTGTGTCTGAGTCACAAGGACTCCTCTTCCTTGGTGGCTTAA
AMPL521550,chr9,22130250,22130461,CTGCATTGTCCAGGTTTTATTGGTCCCTTTCTTAAATTAAAGCTGATTTTCCACTTAAAGAGAATTCTGTCTCCTTCTGCAATTGTTCAAAGTCTAGCATCTCAAGTGCAGACTCTAAACTGTATGTATATGTATTGTGCAGGCTATCTATCTTCTTAGCTTTGAATTCTCTAGAAATATTCCAGAGGTGTGATTCCTCTGTTATTCAAGAG
AMPL533410,chr10,22927850,22928098,TCTTGATTTACAGCTTCCACCCCCAGTTTCCATTCTCCCCTAAAGCACTGGATTCAGGTAATCGCGGACGCACTTGGCTCCTCCCGCACTGGCCGCTGCCCTCGGCGGGACAATGGGCGCCCTAGCAGCCCCGAGCGTTCCCAGGGCGCAGGCGCGGCGCGGCGTGGCGTCGCCTAGCAACGAGGCACAACAAGGGACTGGGGGTTCGTCTGCTGGGTTTGCGGAGCAGCTAGCTACTCGGCGGGATCT
AMPL521586,chr10,130548666,130548904,TCCCAACTTTGTTATTCCACTCATAGCTCCTACACAAATTAAATCGTACTGCTCTGCTCTATTCGGGGGATTCCCTGGGTCATGAGTCTGTGGGAATACCAGGGGGGACTTCATTTTGCGGCAGCAAAGTGATAAGGAATGACTCCGCCCACTGTGGAATGAGAATTAAACGTGATTATGAAAGACTGGTATGAACATCAGTATGCACACATGTGACCTCGATGCACAAATGATTCTGG
AMPL533412,chr11,63145339,63145581,AAACTGGTCACCCGTGAAACATCTTAAGATGCAGATTCCTGGATGGGTGCAGTGGCTCACACCCATAATCCCAGCTACTCAGGAGGCTGAGGCAGGAGAGCCACTTGAACCTGGGAGTGAAGGTTGCAGTGAGCTGAGATTGTGCCACTGCACTCCAGCCTGGGTGACACAGCAAGACTCTGTCTCAAAAAAAAAAAAAAAAAAAAAAAAAAAAAAAAAAAAAAGCAGATTCCTGTCCAGCCT
AMPL533413,chr12,6423590,6423801,CATATCCCTGCTCTTGTAAACAGTGCTGCGATAAACGTATCTTCAAAATAACAGCCTTGAAGCCCTAATTGGGCTCCTGAGAGGGCCACGTGAGACAGTGTGAAGAGCGAAATCACTATTCTGCCACAAGAGGGCACCCAAAGCCCAGACAGATGGGACGACGCGCTTCCTGCCTCCATTGGAATCAAGCGCATGACTGGATAGCAGAGGCT
AMPL533414,chr12,114266566,114266772,GCCAAAGTCTGCCTCCTTCTTACTGGGAAAGAGCAAAAGCCAACTTTTCATGACACCTGTAGTAATCCTTGGTGGAATGTATCTGAAAAGATGCAGGAGAAATTCTTAAAATATATTTCCCTCTGACCACAATATATTCCATATGCTTGGAAACTGTTGGGAGGGAGCCTGGTGTGTTGAGTTACCTCTGGTAAATGTTTCTCTCCC
AMPL521552,chr12,114354349,114354554,ATCTGAAGAACCCTACCATAACACTTTACTTACACACTTTTTTTAATACTGTTTTCGGCTTTCAGTAAACACAGTTTTGTGTTGGCATTGGTGTGGGCGTGGTTTCTTTGGCGAGATATCATTGGTGACTGTGTCTTGCCTCTTCTGTAGGAATTGTGCATTTTGCTTGACATCCAGTTTGGGTTGTTGGTGATGGAGGTTTGGAA
AMPL521589,chr14,62695784,62696016,ACAACTAAGTGTGAAAGTGAAAATGACGAATAGTACTGCTATTTTAGAGAATTTCAGATTAGTAAAACTGGGACTATATTTTCATATAGCCTATATGTTAATAGGTTCTTCACATACTTCCTGAAGTGTGGAAGTAGAGGAGAGGCTATTATAGTGTTTGTGTTTGCCCTTATAGTTGACAGGAAGGTAAAAGGACTCCAGCTGTTGTGGATCAACAAACTTTGAACTTGTCC
