ID,Chromosome,Start,End,fwd_seq,rev_seq,target_name,Start_Amp,End_Amp
AMPL845138,chr1,37996003,37996243,CGCCACTGTGTGCGCATA,ACATCTGGATCCGATTCCCG,FHL3,1,241
AMPL845139,chr1,151254722,151254950,ATTGGAGGAGTTGTTGTTAGGC,AGTCCAGCGGGCTCCTTA,PSMD4,1,229
AMPL845140,chr2,289950,290176,CGTCCTTTCTCTCTTCCTGCAC,ACATTTCAGTCATGTAGCTTGCAAAA,SH3YL1,1,227
AMPL845141,chr2,200889151,200889381,CGACAATGCAATTTATCCCCAACC,AACTTCTCTGCGTCACTTCCG,PPIL3,1,231
AMPL845142,chr2,241355321,241355590,CTTCGATGATCCCCTTCGGT,TTGGGCGAGGTCTAGGCT,SEPT2,1,270
AMPL845143,chr3,39384089,39384333,CCCCACAAGGTGCGAGTA,ACCAATCGAACGCCGGAG,RPSA,1,245
AMPL845144,chr3,58434120,58434350,CATGATCTCTGGAAGCTGGAGA,ATATCTCAATGCTTGGCTCACAG,PDHB,1,231
AMPL845145,chr4,78059631,78059835,TAAAATTTAGAGTCCTATCCCAGCAAC,GTCTAGATTCCGCACTTCTTAAACT,FRAS1,1,205
AMPL845146,chr4,121696205,121696412,CTCACATGACCACGATGAGC,TTCTGTGTCCCGGTTCTTCC,ANXA5,1,208
AMPL845147,chr5,128538953,128539177,TTGAGGATGAGAACGGGTCTTTC,AGGGCGCATTTCAATCTGGA,FBN2,1,225
AMPL845148,chr5,140157127,140157379,TAAGATTCCAGATTCCTGTGACCTC,AAGCCGCTTTCTGGATCCTAC,CYSTM1,1,253
AMPL845149,chr6,3264243,3264460,TGGCGTAGAGTGGGGATTAAG,AGACACAGAGAAGACTCCAGAG,PSMG4,1,218
AMPL845150,chr6,4960456,4960698,GTATTGATACATGCTACAGTGTGGTTG,TTTAATTCCAGAACATTTTCATACCCC,RPP40,1,243
AMPL845151,chr6,18143361,18143581,AGCTTGAGTACAGAGAGGCTTTG,GGGTAAATAATTGTATCCATATCCCCA,TPMT,1,221
AMPL845152,chr6,24653068,24653284,AACTGATTCATTCGTTCCGCA,GCATAGTGCTGATTTTACAGTTTCAG,TDP2,1,217
AMPL845153,chr6,28946035,28946236,GACGTCCAGCTAATTTTTGTATTTTTACCA,GTGGAGTGCTATCCCTGCA,TRIM27,1,202
AMPL845154,chr6,29993675,29993892,ATGGGCACTTAACGCATAATGAAC,ATAAGGCATGAAAGGACAAAGCAAG,PPP1R11,1,218
AMPL845155,chr6,30106334,30106577,TAGAGCATAGGAAACACTGCCT,TTACCCCAAAGAAGAAGGCACAA,ZNRD1,1,244
AMPL845156,chr6,30489726,30489982,GCTCCCACTCCTTGAAGTATTTC,ATTGTAGTAGCCGCGCAG,HLA-E,1,257
AMPL845157,chr6,31140639,31140892,ATATATATATATATCAGGCCAGGCGTAGTG,ATTGAGCAGTTTCCGCATCAG,CCHCR1,1,254
AMPL845158,chr6,31164487,31164687,TTCCTTCCTTAGTGAATGAAGAACTTAA,CTGTACTCCTCGGTCCCTTT,POU5F1,1,201
AMPL845159,chr6,31633101,31633305,TGGGCTCTAGAATGTCAGTAGGA,TCTGCTTACAACCTATTCTCTTCCC,GPANK1,1,205
AMPL845160,chr6,31635708,31635915,CCTGAGGTTTTCTATGGCAGTG,AAAGATCACCATCCCACCCATA,CSNK2B,1,208
AMPL845161,chr6,31879271,31879496,CCGCCAAAGATTAAAGTGTGGA,GTGAAACCCCATCTTTCAAAATAGAAA,EHMT2,1,226
AMPL845162,chr6,32936140,32936350,CATGTGTCCTTTCAGAGCTTGTC,AGAACAGAGAAGAGAGTGGAAATCA,BRD2,1,211
AMPL845163,chr6,33727269,33727528,TGGACTCTGACAATCCAGCAG,TTTATGGGAAACAAAAGGGAGCT,UQCC2,1,260
AMPL845164,chr6,44086674,44086878,TAAATGTGCTTCAAAATCTAGGTGTGG,GGAGAGTTTCTTACTGGGAAGTTTT,MRPL14,1,205
AMPL845165,chr7,612987,613191,AATAAATCACAGTCCTTCTCAACAACC,TCCACCCCACAGTTGCTATTA,PRKAR1B,1,205
AMPL845166,chr7,8260073,8260283,AAAATTCATCCTGACACTTGGGG,CTCAGAGCCTTCAAAATCAGTACG,ICA1,1,211
AMPL845167,chr7,27722830,27723058,ACAAGGAAGGTGAAACAGTGC,CACCACCCAAACTTAAGAAGAATGA,HIBADH,1,229
AMPL845168,chr7,43812167,43812361,CTGCTATGGTAGTTTGGGAACATAA,ATGCTTTAGAAAGATTTGGGGTTCA,COA1,1,195
AMPL845169,chr7,44768351,44768550,TTCCCATGTGCAGACAGATCAG,GGAGACAGAGAGGTGGCTTTAAAA,ZMIZ2,1,200
AMPL845170,chr7,55979769,55979973,GTTTGCAGAACATAAAGACTTAACTCC,TTTCACCAACACAAAGTCACGC,GBAS,1,205
AMPL845172,chr7,73303865,73304104,ACGTCTTCATTCTCCTCCTGGC,TGTGAAGCGAGGATTTCAGGAC,NSUN5,1,240
AMPL845173,chr7,75516076,75516332,AAAGCAAGCTATCCTCACCCAC,CATAAAATAAGGTATACAATGTTCATGGTTAAC,HIP1,1,257
AMPL845174,chr9,77534863,77535084,GGATGGCTTCTGTTTTGAAAAGC,GCTCCTTCCTAAAGATTACAAAAGGAA,GNA14,1,222
AMPL845175,chr12,6534129,6534366,TCCAATTCCCCATCTCAGTCG,CCCTACTTTCTCCCCGCTTTT,GAPDH,1,238
AMPL845176,chr12,95003672,95003929,CGCCTTCTAGATTTAACCTCTGAAAAC,TAACTCCATCTTGCCTCGCTG,NDUFA12,1,258
AMPL845177,chr13,43023479,43023690,AAGGGTATCTTCCGGGAACC,GCTGCAAGTACTCAGCGTAG,DNAJC15,1,212
AMPL845178,chr14,89956256,89956474,TATTCCCAGACCTAAGCTTACAGG,AACCTTACTGCGTGCTCATTTG,TDP1,1,219
AMPL845179,chr17,3602460,3602678,GTGGTTTTCTGGGTCATCATTTGAA,GTGTTTAGCATCTGCCATTCCAG,SHPK,1,219
AMPL845180,chr17,41786545,41786734,CCCCTCTGTCCCCAACGATA,TCTTCGCCTTTTGTTCGGTTACT,JUP,1,190
AMPL845181,chr17,78186782,78187033,ATTACCTTTTTCCTGAGAACATCGGC,TTGGAGAGTACTCGGGTTCGT,TK1,1,252
AMPL845182,chr18,10526066,10526318,GTCACCCTCTCTCCACGTCA,TGACCCAGAGGACACCGA,NAPG,1,253
AMPL845183,chr19,619233,619445,ACATCTCCTGTAGACTCTTGAAGAC,TTCTTGCTGACTGCGTGGG,POLRMT,1,213
AMPL845184,chr19,1388309,1388566,GTCACAAAAGAAGTTCCATTCAAGTCT,TGATGGACACCTCGTGCCT,DAZAP1,1,258
AMPL845185,chr19,3588320,3588535,AGACTTTCTCAATGAAGAAAACAGTGT,GCATGGCTTTTGGAGTTCACAG,HMG20B,1,216
AMPL845186,chr19,11884501,11884735,GACTGTTTCCTTTCCACTAGGATAGC,TCTAAGGAACGCCAGATTCTCC,ZNF69,1,235
AMPL845187,chr19,17220520,17220719,CATCAACACGAGGTCTTCCCTG,TACTCACCCAGTTCTCCTTTGA,NR2F6,1,200
AMPL845188,chr19,18610395,18610662,CACACTGGACTTCAGGCACT,ACCTCCAAGCAGGGTACAG,FKBP8,1,268
AMPL845189,chr19,38264141,38264330,GCATTAAGCCCTGGAGCATG,CTTCCCTTGGGCTTGGTGAC,SPINT2-1,1,190
AMPL845190,chr19,38269907,38270148,CCTGAGATGGGATTTCAACATGTG,GTGGCAACTAATAACACGTCTGT,SPINT2-2,1,242
AMPL845191,chr20,35663886,35664120,TCAATTAACTCTCCATCAAAAGCACCC,GTAGCAGTTTTGAGAAGCCGG,CPNE1,1,235
AMPL845192,chr20,44885492,44885717,TTTCCTTCTTCTCCGCCCAC,TAGCTCCACTTCCGCTCC,YWHAB,1,226
AMPL845193,chr21,37072472,37072697,TAAATCGCTCTTTCTGGCAATGG,TGTCTGTATGCGCTCGAGG,PIGP,1,226
AMPL845194,chr21,45406703,45406920,TTTTAAATCGCACAGGGACAAAGG,CCAACCGTAACTTTCCCTGCT,COL18A1,1,218
AMPL845195,chr22,18921904,18922103,TGTGAGGGGATGGCTCACTA,TAGAGGGCTCTTTATAGAATTATCTGGGTC,PRODH,1,200