AmpID,Primer_wOverhangs,Primer_type,Source
AMPL777554,GTAGCCAACTATAAACCATGCCC,fwd_seq_wCS,20230427_NOEG_design_TP_sampled
AMPL779283,AAAGAGGGTCTCCGGTTTGC,fwd_seq_wCS,20230427_NOEG_design_TP_sampled
AMPL779588,GCTTCTTGCTAAGGCTTATAAATTTACGA,fwd_seq_wCS,20230427_NOEG_design_TP_sampled
AMPL777083,CACCAGCGGACACAAGTATGA,fwd_seq_wCS,20230427_NOEG_design_TP_sampled
AMPL779540,CGGCAAGTGATTTATCCCTGTAC,fwd_seq_wCS,20230427_NOEG_design_TP_sampled
AMPL777044,CATGAAAGTTAAACTCTGCCATTTTGCC,fwd_seq_wCS,20230427_NOEG_design_TP_sampled
AMPL777053,CACCCAGGTCATTTCGTCCATC,fwd_seq_wCS,20230427_NOEG_design_TP_sampled
AMPL777087,TCTCTGAAAGCCTTATTGATTGCT,fwd_seq_wCS,20230427_NOEG_design_TP_sampled
AMPL777332,CATAAAGCCGATCTTCGCCG,fwd_seq_wCS,20230427_NOEG_design_TP_sampled
AMPL777362,GACTGGAGAGGAGGAAATGAAGT,fwd_seq_wCS,20230427_NOEG_design_TP_sampled
AMPL777369,TTAAACCCAGTGATTGCCCCA,fwd_seq_wCS,20230427_NOEG_design_TP_sampled
AMPL777454,GGGTGGGGTGGAGCTTAGAATT,fwd_seq_wCS,20230427_NOEG_design_TP_sampled
AMPL777468,GCGTCTATGTCTCAGGTCCCTT,fwd_seq_wCS,20230427_NOEG_design_TP_sampled
AMPL777538,CATATGGTAAAATATTCATCGGGATGC,fwd_seq_wCS,20230427_NOEG_design_TP_sampled
AMPL777571,TGAATAATGAAGAGTTCTGTTCTCCTC,fwd_seq_wCS,20230427_NOEG_design_TP_sampled
AMPL779107,AATTTATGAGCACCATCAGCCCA,fwd_seq_wCS,20230427_NOEG_design_TP_sampled
AMPL779123,CTGGATCTAGGGAAAAGAGTCTGA,fwd_seq_wCS,20230427_NOEG_design_TP_sampled
AMPL779124,CCTTGTCTCTCTCCCTCTGATT,fwd_seq_wCS,20230427_NOEG_design_TP_sampled
AMPL779199,GCGGAGAATGTCTAAAAGAAGCTC,fwd_seq_wCS,20230427_NOEG_design_TP_sampled
AMPL779222,CCAGGACTGTGAAAGAGCTGTAA,fwd_seq_wCS,20230427_NOEG_design_TP_sampled
AMPL779407,CCTTCTTCTAGCAAGGGATTTCTCA,fwd_seq_wCS,20230427_NOEG_design_TP_sampled
AMPL779527,AAAGGCTCCTCCCTCTGCTA,fwd_seq_wCS,20230427_NOEG_design_TP_sampled
AMPL779626,CATTTCCTGTTGGTGTCCTTTGAC,fwd_seq_wCS,20230427_NOEG_design_TP_sampled
AMPL779632,TTCTGGGGCTTTCTGAACACAG,fwd_seq_wCS,20230427_NOEG_design_TP_sampled
AMPL779654,CACAGGGACACTCTGAATCTAAAAC,fwd_seq_wCS,20230427_NOEG_design_TP_sampled
AMPL779519,TTCATCACTCACAGGCAGGATT,fwd_seq_wCS,20230427_NOEG_design_TP_sampled
AMPL779365,CGTGATTCCAACTACCTGCTTAAG,fwd_seq_wCS,20230427_NOEG_design_TP_sampled
AMPL777308,ACCTTCCTCCACTTTGGCTCTG,fwd_seq_wCS,20230427_NOEG_design_TP_sampled
AMPL779350,CCTTTAGCCTGCTGATCTAGGTT,fwd_seq_wCS,20230427_NOEG_design_TP_sampled
AMPL779510,CATTGTCTTTATTTATTTATTCGGGCTGTTA,fwd_seq_wCS,20230427_NOEG_design_TP_sampled
AMPL777041,CACAATCTAGGCCGGTTGTG,fwd_seq_wCS,20230427_NOEG_design_TP_sampled
AMPL777100,TCTGCCCAGATTGTCTTAATGAC,fwd_seq_wCS,20230427_NOEG_design_TP_sampled
AMPL777413,AAAGTGTCTGCTTTGATCCATGC,fwd_seq_wCS,20230427_NOEG_design_TP_sampled
AMPL777430,GGAAATGCGGCTAGAGAACTGG,fwd_seq_wCS,20230427_NOEG_design_TP_sampled
AMPL777457,ATTCTACAAGTGGAAGAACAGGCA,fwd_seq_wCS,20230427_NOEG_design_TP_sampled
AMPL777545,TGAACCCCAGAAAAGAAGATCCAC,fwd_seq_wCS,20230427_NOEG_design_TP_sampled
AMPL777549,ACTTTTATTCCAACATTGGGTTCCAG,fwd_seq_wCS,20230427_NOEG_design_TP_sampled
AMPL777640,GTTGGCTCAGGAAGTTATTCTGTA,fwd_seq_wCS,20230427_NOEG_design_TP_sampled
AMPL779172,TGTTATTCCTAATAGGGTTCATTGAGCT,fwd_seq_wCS,20230427_NOEG_design_TP_sampled
AMPL779207,ACTTTACTAACCCCTGTAGTGAGG,fwd_seq_wCS,20230427_NOEG_design_TP_sampled
AMPL779237,ATTAATTCAGGAAGGAAGCCACG,fwd_seq_wCS,20230427_NOEG_design_TP_sampled
AMPL779264,TGTACTAACTAGAAATGGTGGATGGG,fwd_seq_wCS,20230427_NOEG_design_TP_sampled
AMPL779358,GCCTTTCTGTGATAAGACCCAG,fwd_seq_wCS,20230427_NOEG_design_TP_sampled
AMPL779426,TCCATTTCACATTCTTCCATGCC,fwd_seq_wCS,20230427_NOEG_design_TP_sampled
AMPL779450,TTACCATTCTTGCCACCCACC,fwd_seq_wCS,20230427_NOEG_design_TP_sampled
AMPL779456,ACTTTGTAGACCCCAGACTTAGTG,fwd_seq_wCS,20230427_NOEG_design_TP_sampled
AMPL779458,ATTCCCGTTGCCTCCCTTAC,fwd_seq_wCS,20230427_NOEG_design_TP_sampled
AMPL779580,AATGTCTCTGGGAGGGTAGGAT,fwd_seq_wCS,20230427_NOEG_design_TP_sampled
AMPL779615,AGTAATATAACATTAGCTGTCCACCTC,fwd_seq_wCS,20230427_NOEG_design_TP_sampled
AMPL779644,GTACAGGAGTCCTTGGAAGGT,fwd_seq_wCS,20230427_NOEG_design_TP_sampled
AMPL777600,TGGAAGTACACGGGTGCGAT,fwd_seq_wCS,20230427_NOEG_design_TP_sampled
AMPL777061,GCAGAATACTCCCGAGTGCT,fwd_seq_wCS,20230427_NOEG_design_TP_sampled
AMPL777375,GGGAACACTTAATTCAGCAAACCA,fwd_seq_wCS,20230427_NOEG_design_TP_sampled
AMPL777433,CAGTTCTTCAGGAGGGTGAAAATT,fwd_seq_wCS,20230427_NOEG_design_TP_sampled
AMPL777491,ACAGATGACCGTAAGTTCATCAC,fwd_seq_wCS,20230427_NOEG_design_TP_sampled
AMPL777513,CTCGCCTTGGTGAAATGGGAT,fwd_seq_wCS,20230427_NOEG_design_TP_sampled
AMPL777608,ATTTTCACCACAGGGAACTTGGA,fwd_seq_wCS,20230427_NOEG_design_TP_sampled
AMPL777613,ACATCCCACTTTCCTACCCTAACC,fwd_seq_wCS,20230427_NOEG_design_TP_sampled
AMPL777616,GGACTGCATCATAGGGATGTTCA,fwd_seq_wCS,20230427_NOEG_design_TP_sampled
AMPL777627,TTCCTCACATGCTACCCTGTC,fwd_seq_wCS,20230427_NOEG_design_TP_sampled
AMPL777641,TGAAGAGGGAACGGTTGCTG,fwd_seq_wCS,20230427_NOEG_design_TP_sampled
AMPL779164,ACATTTCTGCTAAAATACACTCAGGA,fwd_seq_wCS,20230427_NOEG_design_TP_sampled
AMPL779173,ATAGACGCTGGCTTTTCTCCAT,fwd_seq_wCS,20230427_NOEG_design_TP_sampled
AMPL779214,CAAAACACTGGGTATGGGCAG,fwd_seq_wCS,20230427_NOEG_design_TP_sampled
AMPL779238,ACTTCTGGGCCTCCGAATCT,fwd_seq_wCS,20230427_NOEG_design_TP_sampled
AMPL779270,GGAAAGGAAGGAAGAAATAAACGCA,fwd_seq_wCS,20230427_NOEG_design_TP_sampled
AMPL779467,ACCAGCTCCATCCTAATCTCG,fwd_seq_wCS,20230427_NOEG_design_TP_sampled
AMPL779468,CCTGGGAAGTCACTGAAAACAG,fwd_seq_wCS,20230427_NOEG_design_TP_sampled
AMPL779576,CTCGCACATTGTAGGGACTGT,fwd_seq_wCS,20230427_NOEG_design_TP_sampled
AMPL779583,TCAGACCTTGACCCCCTTTTT,fwd_seq_wCS,20230427_NOEG_design_TP_sampled
AMPL779602,CTTTCACCAAGTCTTGCATTGC,fwd_seq_wCS,20230427_NOEG_design_TP_sampled
AMPL779606,GCATATTAGTGTGATGACGGAGG,fwd_seq_wCS,20230427_NOEG_design_TP_sampled
AMPL779682,AAGTGCTGTGAGAGGCGCA,fwd_seq_wCS,20230427_NOEG_design_TP_sampled
AMPL779695,TATTCATTACTCCCTGGCCGG,fwd_seq_wCS,20230427_NOEG_design_TP_sampled
AMPL779704,TTGTTTCTCATCATCTTCGCCGC,fwd_seq_wCS,20230427_NOEG_design_TP_sampled
AMPL779177,GCTTTTGGCGTTTGAGGAAAATC,fwd_seq_wCS,20230427_NOEG_design_TP_sampled
AMPL779205,TGAAGTTCTGCTATCCTTTAACAATGC,fwd_seq_wCS,20230427_NOEG_design_TP_sampled
AMPL779213,CAGCTCTGTCACTTAACAGGTGT,fwd_seq_wCS,20230427_NOEG_design_TP_sampled
AMPL779220,GCTGGGAGGGTCTAATATGAGTTT,fwd_seq_wCS,20230427_NOEG_design_TP_sampled
AMPL779233,TGGGTTGAGGAAGTGATGACTC,fwd_seq_wCS,20230427_NOEG_design_TP_sampled
AMPL779234,GGCCTATTAGAAACTGTTACCTCAA,fwd_seq_wCS,20230427_NOEG_design_TP_sampled
AMPL779246,TTGGTACTAGGGAAACAGACTCTT,fwd_seq_wCS,20230427_NOEG_design_TP_sampled
AMPL779249,GAAACTCAAGGAAATCAGGCATCC,fwd_seq_wCS,20230427_NOEG_design_TP_sampled
AMPL779259,TCACAAAGCTGAGTTCAAGGTGA,fwd_seq_wCS,20230427_NOEG_design_TP_sampled
AMPL779277,ATTAGCCAGATTTGACTCTAGCCA,fwd_seq_wCS,20230427_NOEG_design_TP_sampled
AMPL779280,AGTAAGTACTCTGAGAGCCCACA,fwd_seq_wCS,20230427_NOEG_design_TP_sampled
AMPL779362,ATTTTAATTGTCTCCGCCTGGTC,fwd_seq_wCS,20230427_NOEG_design_TP_sampled
AMPL779367,CGTTGACTGAAGGCCAACTGT,fwd_seq_wCS,20230427_NOEG_design_TP_sampled
AMPL779400,AGCCTGCCAAATCAGAATCGT,fwd_seq_wCS,20230427_NOEG_design_TP_sampled
AMPL779417,AGGAATGTAAGACCCTTTCCCC,fwd_seq_wCS,20230427_NOEG_design_TP_sampled
AMPL779420,ATCTATTTGTGAAGTTGCTGGGAG,fwd_seq_wCS,20230427_NOEG_design_TP_sampled
AMPL779440,CTCACCATGCTTCGCAGAAGT,fwd_seq_wCS,20230427_NOEG_design_TP_sampled
AMPL779453,CGTGTTTTCTCCATGTTGAACCA,fwd_seq_wCS,20230427_NOEG_design_TP_sampled
AMPL779512,TGAGTACACGGAATCAGTTGATGT,fwd_seq_wCS,20230427_NOEG_design_TP_sampled
AMPL779544,TGTACCTGGGAATCCATATTTGGTG,fwd_seq_wCS,20230427_NOEG_design_TP_sampled
AMPL779566,CGTGAAGGTCAACGCTTTTACTTT,fwd_seq_wCS,20230427_NOEG_design_TP_sampled
AMPL779589,CGTTCTATCACTGCACTCCTCT,fwd_seq_wCS,20230427_NOEG_design_TP_sampled
AMPL779649,GAGCACTTTGCAGAGGGACA,fwd_seq_wCS,20230427_NOEG_design_TP_sampled
AMPL779712,ACACTTTTCATGTCAATACTAAGAAAGAGG,fwd_seq_wCS,20230427_NOEG_design_TP_sampled
AMPL779726,CTGCCTTGAATTCCTTTGTATTCCT,fwd_seq_wCS,20230427_NOEG_design_TP_sampled
AMPL777237,GGGTTACTTTCTGTTTAAGCAAGGA,fwd_seq_wCS,20230427_NOEG_design_TP_sampled
AMPL777067,TGATCTTTGCTGAGGTACAACAATG,fwd_seq_wCS,20230427_NOEG_design_TP_sampled
AMPL777214,AGAGAAACTTAATTGCTGTTTGTTCC,fwd_seq_wCS,20230427_NOEG_design_TP_sampled
AMPL777232,TCCAGAGTAGTGTAGTTTCTCCC,fwd_seq_wCS,20230427_NOEG_design_TP_sampled
AMPL777239,TAACAAAAGACCCCGGTTCTATAGGA,fwd_seq_wCS,20230427_NOEG_design_TP_sampled
AMPL777312,TTCCAGCGTTACTGAGCAGG,fwd_seq_wCS,20230427_NOEG_design_TP_sampled
AMPL777320,GGGGAAATTCACGAAACTGGTTATT,fwd_seq_wCS,20230427_NOEG_design_TP_sampled
AMPL777322,CTTTGGGATGTTATCTTTCTCGGG,fwd_seq_wCS,20230427_NOEG_design_TP_sampled
AMPL777395,CTCCCAATACATTATAATTCCGAAACACA,fwd_seq_wCS,20230427_NOEG_design_TP_sampled
AMPL777406,AGCCAGAGAAGTCCTTCCTTTC,fwd_seq_wCS,20230427_NOEG_design_TP_sampled
AMPL777437,CGTCCCTAACTTTGGCAAAATTAAG,fwd_seq_wCS,20230427_NOEG_design_TP_sampled
AMPL777455,GCAGGTGTCATCCCAGAATAACT,fwd_seq_wCS,20230427_NOEG_design_TP_sampled
AMPL777548,CTCAGAGAAGGAGCAACAAGTAGT,fwd_seq_wCS,20230427_NOEG_design_TP_sampled
AMPL777561,TTTCCTACCTCCAACCAGTAAACA,fwd_seq_wCS,20230427_NOEG_design_TP_sampled
AMPL777596,ACAACAGGCCGAATGTGTGC,fwd_seq_wCS,20230427_NOEG_design_TP_sampled
AMPL777604,ACGTTCTGACCACTGTCCTG,fwd_seq_wCS,20230427_NOEG_design_TP_sampled
AMPL779143,TCCACGGACAATTGGGAGACT,fwd_seq_wCS,20230427_NOEG_design_TP_sampled
AMPL779241,CTTGCCGGTCATTGTAGTCC,fwd_seq_wCS,20230427_NOEG_design_TP_sampled
AMPL779431,AATCAGGCAGGGTGCTCCTA,fwd_seq_wCS,20230427_NOEG_design_TP_sampled
AMPL779443,CGGCTCCAGTTTCTTGTAGATTAG,fwd_seq_wCS,20230427_NOEG_design_TP_sampled
AMPL779568,ATAAAAGAAAGCTGTACCCTGACTACA,fwd_seq_wCS,20230427_NOEG_design_TP_sampled
AMPL779590,GCAGTTATATGAGGAGACTGGAAG,fwd_seq_wCS,20230427_NOEG_design_TP_sampled
AMPL779634,ACAGTATCTCGAAAAGGCCAAAG,fwd_seq_wCS,20230427_NOEG_design_TP_sampled
AMPL779668,GAAGGCCTGAGAGGACATAGTC,fwd_seq_wCS,20230427_NOEG_design_TP_sampled
AMPL779685,AAACCTTACAACCTTCTCCGTGG,fwd_seq_wCS,20230427_NOEG_design_TP_sampled
AMPL777281,GACTCCAATTCCTGATGTGCAAA,fwd_seq_wCS,20230427_NOEG_design_TP_sampled
AMPL777310,TGAGGGATCAATGCACTTCCG,fwd_seq_wCS,20230427_NOEG_design_TP_sampled
AMPL779334,GCGGGTCTGCATTTTCACAG,fwd_seq_wCS,20230427_NOEG_design_TP_sampled
AMPL779475,TGCATTCTTTTCTGATGTTTCCCC,fwd_seq_wCS,20230427_NOEG_design_TP_sampled
AMPL777118,ATACTCAATACCCACTTTCCTCCA,fwd_seq_wCS,20230427_NOEG_design_TP_sampled
AMPL777251,GAATCTCCTGATCCACCAGTCG,fwd_seq_wCS,20230427_NOEG_design_TP_sampled
AMPL777295,TCGAGTTCCGATTGGTTCCACA,fwd_seq_wCS,20230427_NOEG_design_TP_sampled
AMPL777331,GGGTGGGATAAATCGAGAGGGT,fwd_seq_wCS,20230427_NOEG_design_TP_sampled
AMPL777441,TACTCACGTAACACAAGTCTTTCTTT,fwd_seq_wCS,20230427_NOEG_design_TP_sampled
AMPL777483,GAGGAAAGGAATTTGTTAGGACCC,fwd_seq_wCS,20230427_NOEG_design_TP_sampled
AMPL777501,TAAAAGCTCCTCTTTGTTGCCTC,fwd_seq_wCS,20230427_NOEG_design_TP_sampled
AMPL777543,TGGCCAGTTATAGGAGAGGC,fwd_seq_wCS,20230427_NOEG_design_TP_sampled
AMPL777599,TATATATTTGGGTAGGAAGCACAAGTAGGG,fwd_seq_wCS,20230427_NOEG_design_TP_sampled
AMPL777619,TGGTAACGTTGAGGAAAGGACA,fwd_seq_wCS,20230427_NOEG_design_TP_sampled
AMPL779105,TTAGTGGAATCACGGTCCCAG,fwd_seq_wCS,20230427_NOEG_design_TP_sampled
AMPL779134,AAGAAAGGCGAGCTGAACCG,fwd_seq_wCS,20230427_NOEG_design_TP_sampled
AMPL779192,AAGTAGTCCCGCCTGGAACT,fwd_seq_wCS,20230427_NOEG_design_TP_sampled
AMPL779388,TATAAGTCATTGTGTACAACAGGTAGATCT,fwd_seq_wCS,20230427_NOEG_design_TP_sampled
AMPL779402,TAGAGACGAATTTAATCCAGAGTGTGG,fwd_seq_wCS,20230427_NOEG_design_TP_sampled
AMPL779411,TGCAGCTCTCATACCTCGGT,fwd_seq_wCS,20230427_NOEG_design_TP_sampled
AMPL779470,CAAGGGTTTCCAATCCATACTACAC,fwd_seq_wCS,20230427_NOEG_design_TP_sampled
AMPL779476,TCGTATAACGTTGGGAGTTGGCT,fwd_seq_wCS,20230427_NOEG_design_TP_sampled
AMPL779480,CGAATTTTACACTTCTTCGCAGC,fwd_seq_wCS,20230427_NOEG_design_TP_sampled
AMPL779553,CACTAACCAAGGAAAGGGGTATAAAATAA,fwd_seq_wCS,20230427_NOEG_design_TP_sampled
AMPL779559,ATTCTCTGGACCTGTCTTTCTTCC,fwd_seq_wCS,20230427_NOEG_design_TP_sampled
AMPL777554,GAACGCACACACTAAGCTAGGA,rev_seq_wR2N,20230427_NOEG_design_TP_sampled
AMPL779283,AGGAACATTCAATATGGCATCTCC,rev_seq_wR2N,20230427_NOEG_design_TP_sampled
AMPL779588,AGACAGGGATTTGTTGTCGGAG,rev_seq_wR2N,20230427_NOEG_design_TP_sampled
AMPL777083,AAAATTCTGGGGTTTCTTCCGG,rev_seq_wR2N,20230427_NOEG_design_TP_sampled
AMPL779540,GGTGGCAATGTTGTAATGTGGT,rev_seq_wR2N,20230427_NOEG_design_TP_sampled
AMPL777044,AACCAGAAACATCAGGCAACCA,rev_seq_wR2N,20230427_NOEG_design_TP_sampled
AMPL777053,CTATGACTGTCCCTGCATCCT,rev_seq_wR2N,20230427_NOEG_design_TP_sampled
AMPL777087,CATTGTGAGCGGCAAAGAGC,rev_seq_wR2N,20230427_NOEG_design_TP_sampled
AMPL777332,ATCACCTCCTCAGGCATTCAG,rev_seq_wR2N,20230427_NOEG_design_TP_sampled
AMPL777362,ACATTTACACCTTAGTGAGAATCGAAA,rev_seq_wR2N,20230427_NOEG_design_TP_sampled
AMPL777369,GCCCTCTGTAGTTCATTCACCT,rev_seq_wR2N,20230427_NOEG_design_TP_sampled
AMPL777454,CTGAAGGAAACTAAAGAAGACAATGGG,rev_seq_wR2N,20230427_NOEG_design_TP_sampled
AMPL777468,TTGCATAAGGAGCCCTGTGC,rev_seq_wR2N,20230427_NOEG_design_TP_sampled
AMPL777538,GGACGTTGGTGGAATGTTAAATACA,rev_seq_wR2N,20230427_NOEG_design_TP_sampled
AMPL777571,CCATTAACCCCACAATAGCCTT,rev_seq_wR2N,20230427_NOEG_design_TP_sampled
AMPL779107,TCTCTTTAGCTGTGTTGGGGC,rev_seq_wR2N,20230427_NOEG_design_TP_sampled
AMPL779123,GGTTATGGCAGCATACACACAC,rev_seq_wR2N,20230427_NOEG_design_TP_sampled
AMPL779124,TGAGACGTTTCCCTGCACG,rev_seq_wR2N,20230427_NOEG_design_TP_sampled
AMPL779199,CAATTCCATAGTCCCTTGTTTTGGA,rev_seq_wR2N,20230427_NOEG_design_TP_sampled
AMPL779222,GAAGGAATTTTGGAGATCTTTAAGGC,rev_seq_wR2N,20230427_NOEG_design_TP_sampled
AMPL779407,GGTATATGCAGTCACATTCCAAGTG,rev_seq_wR2N,20230427_NOEG_design_TP_sampled
AMPL779527,ATGGCAAAACCTCTCTCGGT,rev_seq_wR2N,20230427_NOEG_design_TP_sampled
AMPL779626,TGGGGTGAGTAACATGAAGCC,rev_seq_wR2N,20230427_NOEG_design_TP_sampled
AMPL779632,GTTTGATGTGCTAATGAGGGCAT,rev_seq_wR2N,20230427_NOEG_design_TP_sampled
AMPL779654,GCTTACTGCACTGGATGAGTCA,rev_seq_wR2N,20230427_NOEG_design_TP_sampled
AMPL779519,CAATGACAGAGGAATAACATACACCG,rev_seq_wR2N,20230427_NOEG_design_TP_sampled
AMPL779365,TCTCTATTATATCAAATGTGGGGCAC,rev_seq_wR2N,20230427_NOEG_design_TP_sampled
AMPL777308,AAATAAACGTTCCCACAAAGCTACAC,rev_seq_wR2N,20230427_NOEG_design_TP_sampled
AMPL779350,TAATAAACCCATTTCAGTCTCTCTCTC,rev_seq_wR2N,20230427_NOEG_design_TP_sampled
AMPL779510,AATGGTTATGCAGGGCGGAG,rev_seq_wR2N,20230427_NOEG_design_TP_sampled
AMPL777041,AGTGGTGCGATAGATCTCAGC,rev_seq_wR2N,20230427_NOEG_design_TP_sampled
AMPL777100,AGGAGGGTGTTTTCTTCAAGTTG,rev_seq_wR2N,20230427_NOEG_design_TP_sampled
AMPL777413,GTGGTCAAATTAGGCAGGGCT,rev_seq_wR2N,20230427_NOEG_design_TP_sampled
AMPL777430,CAGCTCATGTCCTTCCTCTGAC,rev_seq_wR2N,20230427_NOEG_design_TP_sampled
AMPL777457,TACTCGGCAGTAAGAGATAGCG,rev_seq_wR2N,20230427_NOEG_design_TP_sampled
AMPL777545,TACATGCTCCACAAACCTGCT,rev_seq_wR2N,20230427_NOEG_design_TP_sampled
AMPL777549,ATACATAATCACTGACTCCATGCTG,rev_seq_wR2N,20230427_NOEG_design_TP_sampled
AMPL777640,CAAGTGTGGTCAAGGGTCTTG,rev_seq_wR2N,20230427_NOEG_design_TP_sampled
AMPL779172,GCTTTTACAGGCGAGCTTTGC,rev_seq_wR2N,20230427_NOEG_design_TP_sampled
AMPL779207,GTTGAAGTAAAACACAGACACCCT,rev_seq_wR2N,20230427_NOEG_design_TP_sampled
AMPL779237,AGATCTCGGTGATGCAATGTTG,rev_seq_wR2N,20230427_NOEG_design_TP_sampled
AMPL779264,TGGAAATCCAAACCCTGACAGC,rev_seq_wR2N,20230427_NOEG_design_TP_sampled
AMPL779358,CTGCTTTCTCCAGAAACTGTCA,rev_seq_wR2N,20230427_NOEG_design_TP_sampled
AMPL779426,ATTCTCTCCCCAAAGCTGTTTTAG,rev_seq_wR2N,20230427_NOEG_design_TP_sampled
AMPL779450,TAAGTGATTTGGAAATGCAGCAGG,rev_seq_wR2N,20230427_NOEG_design_TP_sampled
AMPL779456,GCACTTCCAACAGATCAAATTCTTT,rev_seq_wR2N,20230427_NOEG_design_TP_sampled
AMPL779458,AATGGGCTGCATTCCTTCGG,rev_seq_wR2N,20230427_NOEG_design_TP_sampled
AMPL779580,TTGCAGCAGATGGAGTTAAGC,rev_seq_wR2N,20230427_NOEG_design_TP_sampled
AMPL779615,TAACGTTTGAACTCGTCCTCTGG,rev_seq_wR2N,20230427_NOEG_design_TP_sampled
AMPL779644,CCTTTTGTCCTCTCCTTATTGTACTC,rev_seq_wR2N,20230427_NOEG_design_TP_sampled
AMPL777600,ATGTTTCTGGCCACACCCCT,rev_seq_wR2N,20230427_NOEG_design_TP_sampled
AMPL777061,CAGCTTGTACCTAAAAGATGCTGCC,rev_seq_wR2N,20230427_NOEG_design_TP_sampled
AMPL777375,AACGCAGGGGATAGAGACTAG,rev_seq_wR2N,20230427_NOEG_design_TP_sampled
AMPL777433,GAAATGTAGTCTCAAGGCGTCC,rev_seq_wR2N,20230427_NOEG_design_TP_sampled
AMPL777491,CGCTGTTCTCGGACCAAACT,rev_seq_wR2N,20230427_NOEG_design_TP_sampled
AMPL777513,AAACTGGAATTTTAAGCGGAGGAG,rev_seq_wR2N,20230427_NOEG_design_TP_sampled
AMPL777608,TCTGTCGCTATCACTTTCTTGGG,rev_seq_wR2N,20230427_NOEG_design_TP_sampled
AMPL777613,TAAACACGGGCGAGTAAGTGG,rev_seq_wR2N,20230427_NOEG_design_TP_sampled
AMPL777616,CAGTGCGCTAGAGTGGAGA,rev_seq_wR2N,20230427_NOEG_design_TP_sampled
AMPL777627,TCAGTGCTAGACCAACCTTTGA,rev_seq_wR2N,20230427_NOEG_design_TP_sampled
AMPL777641,TTCACATACAGGAGCTACATCCAG,rev_seq_wR2N,20230427_NOEG_design_TP_sampled
AMPL779164,TTTTCTGGGAACTGCGGTGTC,rev_seq_wR2N,20230427_NOEG_design_TP_sampled
AMPL779173,CCAAGGAACAGGAGAGTAAGAGG,rev_seq_wR2N,20230427_NOEG_design_TP_sampled
AMPL779214,CGGGGAAACGTCTTGCTTCT,rev_seq_wR2N,20230427_NOEG_design_TP_sampled
AMPL779238,TGGGATGGACGAGAAGCAGT,rev_seq_wR2N,20230427_NOEG_design_TP_sampled
AMPL779270,TCCCCGAATCCGATGCTTCT,rev_seq_wR2N,20230427_NOEG_design_TP_sampled
AMPL779467,GGTGATAGAGAATTGGCAGGCT,rev_seq_wR2N,20230427_NOEG_design_TP_sampled
AMPL779468,TGTCTGGGTAGTAGGATCACTGT,rev_seq_wR2N,20230427_NOEG_design_TP_sampled
AMPL779576,GTCAAGAAAATGTACTGCCTTGC,rev_seq_wR2N,20230427_NOEG_design_TP_sampled
AMPL779583,AGTCTCAGGCTTCACAGCG,rev_seq_wR2N,20230427_NOEG_design_TP_sampled
AMPL779602,TTGTTTCCACCACCCTTAGGC,rev_seq_wR2N,20230427_NOEG_design_TP_sampled
AMPL779606,CGCCCAAGGAAAACTCAAAATCA,rev_seq_wR2N,20230427_NOEG_design_TP_sampled
AMPL779682,ATTCCTGGAAATCCTTGATCGCC,rev_seq_wR2N,20230427_NOEG_design_TP_sampled
AMPL779695,AAAATCAGCTAAATCTTAGAGATATTCCTCTC,rev_seq_wR2N,20230427_NOEG_design_TP_sampled
AMPL779704,TCATCACCAGCTCGATGATCTG,rev_seq_wR2N,20230427_NOEG_design_TP_sampled
AMPL779177,AGGAGGGGAAACTTGTCTACATT,rev_seq_wR2N,20230427_NOEG_design_TP_sampled
AMPL779205,TTTACATGGCTTATCTTCACTATGCC,rev_seq_wR2N,20230427_NOEG_design_TP_sampled
AMPL779213,CAAAATGGACCTCAGCCCTACA,rev_seq_wR2N,20230427_NOEG_design_TP_sampled
AMPL779220,GGGAAGTTTCTTGCTGTGTAGAAT,rev_seq_wR2N,20230427_NOEG_design_TP_sampled
AMPL779233,GCTGAATAGTAGACCTTAATACACCAG,rev_seq_wR2N,20230427_NOEG_design_TP_sampled
AMPL779234,TCCTCCAACTCAAAGAAAGCAAAAC,rev_seq_wR2N,20230427_NOEG_design_TP_sampled
AMPL779246,TCTAGAAGGCAGGATCATCACAG,rev_seq_wR2N,20230427_NOEG_design_TP_sampled
AMPL779249,GAGTGAAAGAAACCTTCCTGCTG,rev_seq_wR2N,20230427_NOEG_design_TP_sampled
AMPL779259,TCTCTTGTTGACACTCGCTTGT,rev_seq_wR2N,20230427_NOEG_design_TP_sampled
AMPL779277,ATTTTGTGGTGGTCCCCAAGAT,rev_seq_wR2N,20230427_NOEG_design_TP_sampled
AMPL779280,AAATTAGCATACTGACGTGATGAAGTG,rev_seq_wR2N,20230427_NOEG_design_TP_sampled
AMPL779362,CACCTTGATTTCTTCAGTTCTAGCC,rev_seq_wR2N,20230427_NOEG_design_TP_sampled
AMPL779367,TTTTGTGACAGCAAAGCCTTTG,rev_seq_wR2N,20230427_NOEG_design_TP_sampled
AMPL779400,TCATCTTCTCATTTCAGGGCTCAG,rev_seq_wR2N,20230427_NOEG_design_TP_sampled
AMPL779417,TTTGCTTGAACTCCCTCCTGTT,rev_seq_wR2N,20230427_NOEG_design_TP_sampled
AMPL779420,GTAGTTGTATTTAGATGGCTCTTCCC,rev_seq_wR2N,20230427_NOEG_design_TP_sampled
AMPL779440,TCTAATCCTGGTAGGCCACAAG,rev_seq_wR2N,20230427_NOEG_design_TP_sampled
AMPL779453,CAAATGAGCTACCACCAGTCAC,rev_seq_wR2N,20230427_NOEG_design_TP_sampled
AMPL779512,TACACCCTACTGTCAATTCTCTCC,rev_seq_wR2N,20230427_NOEG_design_TP_sampled
AMPL779544,TAAATTTCTTCACCGCCTGTGG,rev_seq_wR2N,20230427_NOEG_design_TP_sampled
AMPL779566,AACTCAACCTGTATTAATAACTGGGG,rev_seq_wR2N,20230427_NOEG_design_TP_sampled
AMPL779589,TTCTTCTCCCAGGAAGCGATG,rev_seq_wR2N,20230427_NOEG_design_TP_sampled
AMPL779649,AGTGAGAATCCAACATATCCCCAA,rev_seq_wR2N,20230427_NOEG_design_TP_sampled
AMPL779712,CGCATACCTACTTGTTAGTGTCAT,rev_seq_wR2N,20230427_NOEG_design_TP_sampled
AMPL779726,AAGCTCTGATGAGTCCACTTCC,rev_seq_wR2N,20230427_NOEG_design_TP_sampled
AMPL777237,GGCTGATTACAACTAATGGTTCTGA,rev_seq_wR2N,20230427_NOEG_design_TP_sampled
AMPL777067,CCTTCCCTGGTTTCTTGCATTAG,rev_seq_wR2N,20230427_NOEG_design_TP_sampled
AMPL777214,ATATCAGCCTCAGTCCAAGCC,rev_seq_wR2N,20230427_NOEG_design_TP_sampled
AMPL777232,CTTCATCTATTCCCACATACCTGG,rev_seq_wR2N,20230427_NOEG_design_TP_sampled
AMPL777239,ATCCGAGAGCGACAAGGAAG,rev_seq_wR2N,20230427_NOEG_design_TP_sampled
AMPL777312,TCATTCAACCAATCCTAACAGAGCG,rev_seq_wR2N,20230427_NOEG_design_TP_sampled
AMPL777320,CGTTCAAAGTAATCAGCGTCCG,rev_seq_wR2N,20230427_NOEG_design_TP_sampled
AMPL777322,ACAGTCTTGGGGCTCAATCC,rev_seq_wR2N,20230427_NOEG_design_TP_sampled
AMPL777395,TGGGAGACTAACGCCACAATC,rev_seq_wR2N,20230427_NOEG_design_TP_sampled
AMPL777406,AGATTCATGGTTACTGTTCTGAGGA,rev_seq_wR2N,20230427_NOEG_design_TP_sampled
AMPL777437,GCCGAAAGATTCAAATCCGAAAG,rev_seq_wR2N,20230427_NOEG_design_TP_sampled
AMPL777455,GAAGGGGAAGGATATGGAACCAA,rev_seq_wR2N,20230427_NOEG_design_TP_sampled
AMPL777548,CCAAATGTACTTCCATCTGACAAATCC,rev_seq_wR2N,20230427_NOEG_design_TP_sampled
AMPL777561,TAATGCCAGCCTCATTCATCGT,rev_seq_wR2N,20230427_NOEG_design_TP_sampled
AMPL777596,GCTCACACCCTCATAGTATCGG,rev_seq_wR2N,20230427_NOEG_design_TP_sampled
AMPL777604,TCATTCCCTCCCAACCTTGTG,rev_seq_wR2N,20230427_NOEG_design_TP_sampled
AMPL779143,AGGTTGCTACACTCCCGAAGT,rev_seq_wR2N,20230427_NOEG_design_TP_sampled
AMPL779241,GCCTAAGGAAGCTAAAGCAGTC,rev_seq_wR2N,20230427_NOEG_design_TP_sampled
AMPL779431,CGTCTACCACTGGATACTTCCG,rev_seq_wR2N,20230427_NOEG_design_TP_sampled
AMPL779443,AATTCTCTGGTTAAACTTCCGCC,rev_seq_wR2N,20230427_NOEG_design_TP_sampled
AMPL779568,CCTTGCTCATGTAGACAACTGAT,rev_seq_wR2N,20230427_NOEG_design_TP_sampled
AMPL779590,GTCCACACAAACATGGCGATAG,rev_seq_wR2N,20230427_NOEG_design_TP_sampled
AMPL779634,GTGAGTAATTCTTCTGGGAGTTGTATT,rev_seq_wR2N,20230427_NOEG_design_TP_sampled
AMPL779668,GAGACCCTGACTCAAAAATAAATACATATATAA,rev_seq_wR2N,20230427_NOEG_design_TP_sampled
AMPL779685,TAATCCGTCATTGGCCCACCT,rev_seq_wR2N,20230427_NOEG_design_TP_sampled
AMPL777281,ATGCTTCCGGTTAGGCTACC,rev_seq_wR2N,20230427_NOEG_design_TP_sampled
AMPL777310,TAGACTGGAGTCATGTGACCC,rev_seq_wR2N,20230427_NOEG_design_TP_sampled
AMPL779334,ACTTACATAACCCAGGGCGG,rev_seq_wR2N,20230427_NOEG_design_TP_sampled
AMPL779475,TACAGATCCCAGCAACAACTCG,rev_seq_wR2N,20230427_NOEG_design_TP_sampled
AMPL777118,AGAATGGAATGTGTTCTGCAACTG,rev_seq_wR2N,20230427_NOEG_design_TP_sampled
AMPL777251,TACTTGCATTGGGACTCATCAGGA,rev_seq_wR2N,20230427_NOEG_design_TP_sampled
AMPL777295,GAGTTTGTCAACCACCCTTCTC,rev_seq_wR2N,20230427_NOEG_design_TP_sampled
AMPL777331,TTACTCTAGCTTCGTGCCACC,rev_seq_wR2N,20230427_NOEG_design_TP_sampled
AMPL777441,AGTGACCTGCCAATCTACGGA,rev_seq_wR2N,20230427_NOEG_design_TP_sampled
AMPL777483,GGTCCTTTGAGCTCCTAGAGGT,rev_seq_wR2N,20230427_NOEG_design_TP_sampled
AMPL777501,CTGCTGGCCAATAAGCGACA,rev_seq_wR2N,20230427_NOEG_design_TP_sampled
AMPL777543,TTAGAATCGGCCAAGTTCTTCGC,rev_seq_wR2N,20230427_NOEG_design_TP_sampled
AMPL777599,ACACTTCCACAGCCGACTTC,rev_seq_wR2N,20230427_NOEG_design_TP_sampled
AMPL777619,ACTAGCTGTCAAAAGAGTCCTCA,rev_seq_wR2N,20230427_NOEG_design_TP_sampled
AMPL779105,GTAACTCCACTTCCGTTGCC,rev_seq_wR2N,20230427_NOEG_design_TP_sampled
AMPL779134,ATAAGTGCACCTTGTACAGAGTGG,rev_seq_wR2N,20230427_NOEG_design_TP_sampled
AMPL779192,TTTCTAGGGAAACAGGACTGTAACG,rev_seq_wR2N,20230427_NOEG_design_TP_sampled
AMPL779388,TGGAAAGGTCAATTCGTCTATCCC,rev_seq_wR2N,20230427_NOEG_design_TP_sampled
AMPL779402,ATTTGTTTCCGGTCCCTGCC,rev_seq_wR2N,20230427_NOEG_design_TP_sampled
AMPL779411,AAGCGGTAACTGGATTAGGAGGG,rev_seq_wR2N,20230427_NOEG_design_TP_sampled
AMPL779470,GGTGTGGCAAGTGTTAGTGATAAA,rev_seq_wR2N,20230427_NOEG_design_TP_sampled
AMPL779476,TCTTGGCCAGTCTCCGAGA,rev_seq_wR2N,20230427_NOEG_design_TP_sampled
AMPL779480,TTTTCCTGTTTGACGCTCCCC,rev_seq_wR2N,20230427_NOEG_design_TP_sampled
AMPL779553,TTGGCTGCTTAAGACGGAAGC,rev_seq_wR2N,20230427_NOEG_design_TP_sampled
AMPL779559,AACTTCTACTCTAATTCTTCTACGACGGAC,rev_seq_wR2N,20230427_NOEG_design_TP_sampled
AMPL778605,AACAAAATCTAATTTTCAGGCCCTTC,fwd_seq_wCS,20230427_OEG_design_TP_sampled
AMPL778673,TTTCTCTGGTTTCACTTTCAGTTTCTT,fwd_seq_wCS,20230427_OEG_design_TP_sampled
AMPL778429,TTCATAAAGTGCTTAACCCAGAGC,fwd_seq_wCS,20230427_OEG_design_TP_sampled
AMPL778451,GAAGTCTGACACTGGGAAGTCA,fwd_seq_wCS,20230427_OEG_design_TP_sampled
AMPL778472,GGTTTTCCGCTTTGCCAGCT,fwd_seq_wCS,20230427_OEG_design_TP_sampled
AMPL778479,AGGATAAATACCTCTGTCAGTGTCT,fwd_seq_wCS,20230427_OEG_design_TP_sampled
AMPL778481,ACGCACCTGTAGTGAAGCTG,fwd_seq_wCS,20230427_OEG_design_TP_sampled
AMPL778493,GGGTTAAGGATAATCCCACTCCT,fwd_seq_wCS,20230427_OEG_design_TP_sampled
AMPL778511,ACACAGGAAGCGATACCACAA,fwd_seq_wCS,20230427_OEG_design_TP_sampled
AMPL778529,TGCAAGTAAGTCACTAGCGTTCA,fwd_seq_wCS,20230427_OEG_design_TP_sampled
AMPL778533,GACTTAAGTAAGGCTTCTCATTGCAG,fwd_seq_wCS,20230427_OEG_design_TP_sampled
AMPL778546,AGGATGTTAATCAGGGGAGTGG,fwd_seq_wCS,20230427_OEG_design_TP_sampled
AMPL778573,CACTTTGTTGTCCAGGCTTAAAAC,fwd_seq_wCS,20230427_OEG_design_TP_sampled
AMPL778600,GTGATTGGGTAAATGAGGGTATAGGT,fwd_seq_wCS,20230427_OEG_design_TP_sampled
AMPL778623,TCCTTCTTTGAGTGAGCCAAGG,fwd_seq_wCS,20230427_OEG_design_TP_sampled
AMPL778624,CTCGCTACGCTTTTATAAGGATCAC,fwd_seq_wCS,20230427_OEG_design_TP_sampled
AMPL778628,ACATACCCCAGAATTCACATCCC,fwd_seq_wCS,20230427_OEG_design_TP_sampled
AMPL778633,CTGGGGAGCTTGTGTTCGAA,fwd_seq_wCS,20230427_OEG_design_TP_sampled
AMPL778642,TTGCCCCATTAAAAGGAAAGGG,fwd_seq_wCS,20230427_OEG_design_TP_sampled
AMPL778661,CAACCAGGATTAGTTCAGACTGTG,fwd_seq_wCS,20230427_OEG_design_TP_sampled
AMPL778663,AACCTCAAACAACGGTAGCTC,fwd_seq_wCS,20230427_OEG_design_TP_sampled
AMPL778665,TTTAATTGTCAGGGTTTGTGGGC,fwd_seq_wCS,20230427_OEG_design_TP_sampled
AMPL778713,TCTCTCTAGACTTCGGAGCCTC,fwd_seq_wCS,20230427_OEG_design_TP_sampled
AMPL778717,GTTTTGAAACTTTAGACCCCAGCTT,fwd_seq_wCS,20230427_OEG_design_TP_sampled
AMPL778748,CAGGAACTCTCCACCAGCTT,fwd_seq_wCS,20230427_OEG_design_TP_sampled
AMPL778425,GGTCTGAATTTTCTTGGAACCTCC,fwd_seq_wCS,20230427_OEG_design_TP_sampled
AMPL778662,TTCCTCCAACTATTGTCAAAGAAGG,fwd_seq_wCS,20230427_OEG_design_TP_sampled
AMPL778749,AGAGGCCCTCGGAAAATAGAGA,fwd_seq_wCS,20230427_OEG_design_TP_sampled
AMPL778426,CTACGGTATCCCTGGAAACACAG,fwd_seq_wCS,20230427_OEG_design_TP_sampled
AMPL778469,GGCCCAGAATCAACTAAATATCCTT,fwd_seq_wCS,20230427_OEG_design_TP_sampled
AMPL778485,TGCAGTTGTCACTCAATAAATATTTGC,fwd_seq_wCS,20230427_OEG_design_TP_sampled
AMPL778518,CTAGCTTGAGTTTCAGCCACAC,fwd_seq_wCS,20230427_OEG_design_TP_sampled
AMPL778553,CCTACCAGCTGTCATTGAGAGAG,fwd_seq_wCS,20230427_OEG_design_TP_sampled
AMPL778579,CAGTAAGAATAACTTCCAGTGTGCT,fwd_seq_wCS,20230427_OEG_design_TP_sampled
AMPL778582,CTTCCACACGTTCTCTGTCTTCT,fwd_seq_wCS,20230427_OEG_design_TP_sampled
AMPL778591,AGAAGTTACAATGGTTGACTCATACC,fwd_seq_wCS,20230427_OEG_design_TP_sampled
AMPL778597,GGGGTTCCAGATTTGATGTCTAATT,fwd_seq_wCS,20230427_OEG_design_TP_sampled
AMPL778606,GAGGAGTTCAACAGGCATTTGT,fwd_seq_wCS,20230427_OEG_design_TP_sampled
AMPL778626,CTTGTGAGATATGTACACAGAATACAGAG,fwd_seq_wCS,20230427_OEG_design_TP_sampled
AMPL778634,AGGTGCTAAGTATTCCAAAGGACTAG,fwd_seq_wCS,20230427_OEG_design_TP_sampled
AMPL778655,ATTATTACCACAAGAGCCTTCTGATGA,fwd_seq_wCS,20230427_OEG_design_TP_sampled
AMPL778660,CCCAGACACATCACGGTCAAAC,fwd_seq_wCS,20230427_OEG_design_TP_sampled
AMPL778683,ATTTCAGGACAGGTGTGACAGG,fwd_seq_wCS,20230427_OEG_design_TP_sampled
AMPL778691,GGCTTTACCTGAGCTGACATAAATAC,fwd_seq_wCS,20230427_OEG_design_TP_sampled
AMPL778698,AGGTAGTGTGAGAGGAATCCGA,fwd_seq_wCS,20230427_OEG_design_TP_sampled
AMPL778708,ACATTACGCATTTTCACCAGCTAG,fwd_seq_wCS,20230427_OEG_design_TP_sampled
AMPL778739,TCACTTAGCTGCAACCAAATTCTTA,fwd_seq_wCS,20230427_OEG_design_TP_sampled
AMPL778759,GATTGATTGAGGAGACTGGCC,fwd_seq_wCS,20230427_OEG_design_TP_sampled
AMPL778760,TTCCTGATAGCTACAAGAAACAGAGC,fwd_seq_wCS,20230427_OEG_design_TP_sampled
AMPL778763,TCAAGCAGAGTGGAGACTTACG,fwd_seq_wCS,20230427_OEG_design_TP_sampled
AMPL778643,TTAAGGATTTGACTGCGATTGAGAA,fwd_seq_wCS,20230427_OEG_design_TP_sampled
AMPL778543,TGCTAAAAGCAGGCGACGG,fwd_seq_wCS,20230427_OEG_design_TP_sampled
AMPL778427,CTTCCCCGCTGTCCTCTAA,fwd_seq_wCS,20230427_OEG_design_TP_sampled
AMPL778435,CCTCATTTCCCATTGTTCTTTGCTTT,fwd_seq_wCS,20230427_OEG_design_TP_sampled
AMPL778478,AGATCTTGTAGACCGTAGCCGT,fwd_seq_wCS,20230427_OEG_design_TP_sampled
AMPL778497,TAAAATTTAGAGTCCTATCCCAGCAAC,fwd_seq_wCS,20230427_OEG_design_TP_sampled
AMPL778505,GCTTTCAGTTTCTGCTCAAATTGTG,fwd_seq_wCS,20230427_OEG_design_TP_sampled
AMPL778552,AGCCGCCATCTGATTGGAATTA,fwd_seq_wCS,20230427_OEG_design_TP_sampled
AMPL778561,GTTGGGTGCAAGTGTTCTGTG,fwd_seq_wCS,20230427_OEG_design_TP_sampled
AMPL778562,TTTCCCATACAAGGCGGGT,fwd_seq_wCS,20230427_OEG_design_TP_sampled
AMPL778569,CGCATCACTAGGGTCAGAACT,fwd_seq_wCS,20230427_OEG_design_TP_sampled
AMPL778593,TGGGCCTCGGTATTATTGCA,fwd_seq_wCS,20230427_OEG_design_TP_sampled
AMPL778594,CTTTACCCTGACCAGCCGAA,fwd_seq_wCS,20230427_OEG_design_TP_sampled
AMPL778599,TGTCTGGCGCAAAGGTTTGG,fwd_seq_wCS,20230427_OEG_design_TP_sampled
AMPL778621,ACCTCGTCTCTCATGAATGGG,fwd_seq_wCS,20230427_OEG_design_TP_sampled
AMPL778636,TGAATGCACCACTACCTTTTGGC,fwd_seq_wCS,20230427_OEG_design_TP_sampled
AMPL778667,AGCGAGAAATTTGACATCCCTGT,fwd_seq_wCS,20230427_OEG_design_TP_sampled
AMPL778676,TTTTAGAGTTGAAGAGTCATAGCCAC,fwd_seq_wCS,20230427_OEG_design_TP_sampled
AMPL778700,TACCTGGCATAGCCCCTGTA,fwd_seq_wCS,20230427_OEG_design_TP_sampled
AMPL778706,AAAATGAGGCTAGGAGTTGGGG,fwd_seq_wCS,20230427_OEG_design_TP_sampled
AMPL778709,GGAAGAGAAAGAATGGGACTAGAATC,fwd_seq_wCS,20230427_OEG_design_TP_sampled
AMPL778730,TTAGGGCTAGATTAGAGGCGGG,fwd_seq_wCS,20230427_OEG_design_TP_sampled
AMPL778745,CGGAGAGTTGAAACAGATGTGG,fwd_seq_wCS,20230427_OEG_design_TP_sampled
AMPL778752,GAGAGATACGCCTGGATAGCTC,fwd_seq_wCS,20230427_OEG_design_TP_sampled
AMPL778754,TGGTGGCCTGTGTACAACC,fwd_seq_wCS,20230427_OEG_design_TP_sampled
AMPL778431,CCGGCTTAAATTGTGATTTTAATGTTTGA,fwd_seq_wCS,20230427_OEG_design_TP_sampled
AMPL778440,TGTGGTTAAGTTTCCAAGCCAAC,fwd_seq_wCS,20230427_OEG_design_TP_sampled
AMPL778465,TCATCGAATGACTGGCTTTTACTC,fwd_seq_wCS,20230427_OEG_design_TP_sampled
AMPL778484,TGTTGGGGACTTCAGGTTTTGT,fwd_seq_wCS,20230427_OEG_design_TP_sampled
AMPL778486,TTTAGAAGTCCTCTGTCGCTGG,fwd_seq_wCS,20230427_OEG_design_TP_sampled
AMPL778487,GATGATTTCTGTCAGTGTGGAAGC,fwd_seq_wCS,20230427_OEG_design_TP_sampled
AMPL778490,TGCCCTTTTATCAGTGGTTTAGTG,fwd_seq_wCS,20230427_OEG_design_TP_sampled
AMPL778514,GCCTCTTACTTGTTGTCTACCATG,fwd_seq_wCS,20230427_OEG_design_TP_sampled
AMPL778523,GAAAGTACGCAGCATTTGAACGA,fwd_seq_wCS,20230427_OEG_design_TP_sampled
AMPL778537,GTTCACAAAAGAGAACTTGAAAGTACC,fwd_seq_wCS,20230427_OEG_design_TP_sampled
AMPL778544,CCTTTTGCGGGTTGCTGGTA,fwd_seq_wCS,20230427_OEG_design_TP_sampled
AMPL778564,CAGTAGAGTGTGTCCTAACTTAACATG,fwd_seq_wCS,20230427_OEG_design_TP_sampled
AMPL778570,CTCCCTTACGGTTAGATATTGCCA,fwd_seq_wCS,20230427_OEG_design_TP_sampled
AMPL778576,GAAACAATAGCTGACCCATCTTGA,fwd_seq_wCS,20230427_OEG_design_TP_sampled
AMPL778595,GTATTTTGTTTGTGTGTGGGAATGG,fwd_seq_wCS,20230427_OEG_design_TP_sampled
AMPL778601,GTGTGGCGTGTACATTTGTGTA,fwd_seq_wCS,20230427_OEG_design_TP_sampled
AMPL778618,CTAGACATGCTATTTCTGTGCTGTG,fwd_seq_wCS,20230427_OEG_design_TP_sampled
AMPL778620,CTTGACCCAATAAGCCTGAAATTCT,fwd_seq_wCS,20230427_OEG_design_TP_sampled
AMPL778652,GCATATTAAGAAGCGACCACATGC,fwd_seq_wCS,20230427_OEG_design_TP_sampled
AMPL778694,CTGTTAATACTCCACCTCACAAACA,fwd_seq_wCS,20230427_OEG_design_TP_sampled
AMPL778697,AACTCATTAAATGCCTGTGATAACACT,fwd_seq_wCS,20230427_OEG_design_TP_sampled
AMPL778707,ACTAATTTCACATAACTGGCTGGC,fwd_seq_wCS,20230427_OEG_design_TP_sampled
AMPL778742,AACTAGATATAGGGACCCAGATCTCA,fwd_seq_wCS,20230427_OEG_design_TP_sampled
AMPL778753,GTCATCTCTGGGTCATCTGACA,fwd_seq_wCS,20230427_OEG_design_TP_sampled
AMPL778756,AAGCTTCTGTGAAGTCATAAAACCC,fwd_seq_wCS,20230427_OEG_design_TP_sampled
AMPL778463,AGTTGGATAGCGTTTGCCAAGTA,fwd_seq_wCS,20230427_OEG_design_TP_sampled
AMPL778507,CACACCCTTCTTCCTAGAATGTTTT,fwd_seq_wCS,20230427_OEG_design_TP_sampled
AMPL778531,ATAGAGGGGCTGTGTCATAGAC,fwd_seq_wCS,20230427_OEG_design_TP_sampled
AMPL778729,CGGGAGAAATTAGACTAACAGCCT,fwd_seq_wCS,20230427_OEG_design_TP_sampled
AMPL778442,GCGGTATCATCCACAACTTTCA,fwd_seq_wCS,20230427_OEG_design_TP_sampled
AMPL778470,TGAAATCTGACCCAACTGACTCT,fwd_seq_wCS,20230427_OEG_design_TP_sampled
AMPL778474,TAACGGTGAAGATCATTAAGGCAC,fwd_seq_wCS,20230427_OEG_design_TP_sampled
AMPL778502,TATGTTTGATTGAAAAGCCGCCC,fwd_seq_wCS,20230427_OEG_design_TP_sampled
AMPL778525,CCAGTAAGTCAAGACCAGCAGATAA,fwd_seq_wCS,20230427_OEG_design_TP_sampled
AMPL778532,TATCCTCTGCCTGCCTTTGTA,fwd_seq_wCS,20230427_OEG_design_TP_sampled
AMPL778547,GTATACAGGTGGTGATTGATGCC,fwd_seq_wCS,20230427_OEG_design_TP_sampled
AMPL778550,TAAGTGGCTGTAAATGAGGACGT,fwd_seq_wCS,20230427_OEG_design_TP_sampled
AMPL778590,GTAGTCAGTGGTGATTTCTTCTGG,fwd_seq_wCS,20230427_OEG_design_TP_sampled
AMPL778611,TTTTGCAGGGTCTCTTTTGCC,fwd_seq_wCS,20230427_OEG_design_TP_sampled
AMPL778625,AATATGTTCAAGAGAATGGCCGAA,fwd_seq_wCS,20230427_OEG_design_TP_sampled
AMPL778635,CATGCCTGAGAGAAAGGTCCT,fwd_seq_wCS,20230427_OEG_design_TP_sampled
AMPL778671,ATTCCAAATTTCAGCTCTCAGGGC,fwd_seq_wCS,20230427_OEG_design_TP_sampled
AMPL778685,GTCTCCCTCCTAAGTGACATCCT,fwd_seq_wCS,20230427_OEG_design_TP_sampled
AMPL778699,GGATCTCCGTTCGTTTGAAGACC,fwd_seq_wCS,20230427_OEG_design_TP_sampled
AMPL778715,AACCAATGACAATGAACTAGTGACAG,fwd_seq_wCS,20230427_OEG_design_TP_sampled
AMPL778725,AAACTGCCAATATCCCAGAACTG,fwd_seq_wCS,20230427_OEG_design_TP_sampled
AMPL778726,CAGTACCTTTCTATTTCTTTCCAGATCCTC,fwd_seq_wCS,20230427_OEG_design_TP_sampled
AMPL778731,CTTGCTCTCTTTGCCAGTACCT,fwd_seq_wCS,20230427_OEG_design_TP_sampled
AMPL778746,TTATTGGTCGCGCTCGCAT,fwd_seq_wCS,20230427_OEG_design_TP_sampled
AMPL778755,CAACTCCGCCTGTACTGAAATACA,fwd_seq_wCS,20230427_OEG_design_TP_sampled
AMPL778548,CCAAGCTCTCCGAGTAGAAAAC,fwd_seq_wCS,20230427_OEG_design_TP_sampled
AMPL778432,GAAAAGAGGTTCTAAAAGAAGGGAGG,fwd_seq_wCS,20230427_OEG_design_TP_sampled
AMPL778436,AAAACCCAAGTCCACACTCGTT,fwd_seq_wCS,20230427_OEG_design_TP_sampled
AMPL778437,TAGTAACGCAGATAAAAGTCACTCTC,fwd_seq_wCS,20230427_OEG_design_TP_sampled
AMPL778438,CACACAAACACAAAAGGAAGCACA,fwd_seq_wCS,20230427_OEG_design_TP_sampled
AMPL778449,AACTCTCAAGGTCTCCCAGTCC,fwd_seq_wCS,20230427_OEG_design_TP_sampled
AMPL778450,TTGAATACCGCCACCCACATC,fwd_seq_wCS,20230427_OEG_design_TP_sampled
AMPL778458,AATCATCGCTCTCCAAGCCAG,fwd_seq_wCS,20230427_OEG_design_TP_sampled
AMPL778477,GGTGGACTTCCTCTTGGTCTT,fwd_seq_wCS,20230427_OEG_design_TP_sampled
AMPL778496,AAAATTGAAGGCCATGTCGCG,fwd_seq_wCS,20230427_OEG_design_TP_sampled
AMPL778515,TTGGTTTCCCAATCCGAGACC,fwd_seq_wCS,20230427_OEG_design_TP_sampled
AMPL778516,AAAGAATCCCTAACGCAGAGGAA,fwd_seq_wCS,20230427_OEG_design_TP_sampled
AMPL778549,CCAGGACAAATACCGTGACTCTATT,fwd_seq_wCS,20230427_OEG_design_TP_sampled
AMPL778581,CTTGCAGGAAACTACAACTCCC,fwd_seq_wCS,20230427_OEG_design_TP_sampled
AMPL778602,TACTTCTGCCCTCCACAAAATCA,fwd_seq_wCS,20230427_OEG_design_TP_sampled
AMPL778622,TATTCCCATTAAATAAAGATGCTGATGGC,fwd_seq_wCS,20230427_OEG_design_TP_sampled
AMPL778630,ATCAGAACCTCCAGATGCCC,fwd_seq_wCS,20230427_OEG_design_TP_sampled
AMPL778631,ATCGCTACTGCTGTTACTACTTTCC,fwd_seq_wCS,20230427_OEG_design_TP_sampled
AMPL778653,GTTATAACTGAACAACCCGAGCCC,fwd_seq_wCS,20230427_OEG_design_TP_sampled
AMPL778686,CCGGTTCTGTAAGTTTACCAAAGAT,fwd_seq_wCS,20230427_OEG_design_TP_sampled
AMPL778687,ATAGTCCCCTGCATCTTTATTCACT,fwd_seq_wCS,20230427_OEG_design_TP_sampled
AMPL778692,CCCACCTGCATCATTAAATTTCCA,fwd_seq_wCS,20230427_OEG_design_TP_sampled
AMPL778710,CCACCATTCTCTAGAGGAGCCTC,fwd_seq_wCS,20230427_OEG_design_TP_sampled
AMPL778718,TTGATGAGACCATTGCCGCG,fwd_seq_wCS,20230427_OEG_design_TP_sampled
AMPL778721,AAAGGAGTCAGGAAGTAAAGTGCA,fwd_seq_wCS,20230427_OEG_design_TP_sampled
AMPL778605,GTAGTTTAAGGATTTCCCCTGGG,rev_seq_wR2N,20230427_OEG_design_TP_sampled
AMPL778673,CAAATCACCTCACACTCCTAGGA,rev_seq_wR2N,20230427_OEG_design_TP_sampled
AMPL778429,TCCCACTCTTCTTTCCAGGGTA,rev_seq_wR2N,20230427_OEG_design_TP_sampled
AMPL778451,AACACTGACACCCTAGCTTGG,rev_seq_wR2N,20230427_OEG_design_TP_sampled
AMPL778472,AACATGAGAGATGGCTGGGAG,rev_seq_wR2N,20230427_OEG_design_TP_sampled
AMPL778479,AGCATGAGTCAGTGTTTCCTCA,rev_seq_wR2N,20230427_OEG_design_TP_sampled
AMPL778481,AAGAGATAGAATCTGGGCCTTCT,rev_seq_wR2N,20230427_OEG_design_TP_sampled
AMPL778493,CCCATCAGCAAACAATAACTCATGA,rev_seq_wR2N,20230427_OEG_design_TP_sampled
AMPL778511,TTCTTTCTAACTTGCCTTCTCCCG,rev_seq_wR2N,20230427_OEG_design_TP_sampled
AMPL778529,GCACTTCCTGTTTCACTAAGAGAAA,rev_seq_wR2N,20230427_OEG_design_TP_sampled
AMPL778533,ATGCACGCATACAATTAGGCT,rev_seq_wR2N,20230427_OEG_design_TP_sampled
AMPL778546,GACTCTTTTCCATGCCGTTGC,rev_seq_wR2N,20230427_OEG_design_TP_sampled
AMPL778573,CTCTGCTACATTACCTAGAACATTCC,rev_seq_wR2N,20230427_OEG_design_TP_sampled
AMPL778600,TTGCTGTCCTAAAGCCACATG,rev_seq_wR2N,20230427_OEG_design_TP_sampled
AMPL778623,CTTCCGTTGAGAACAAGGAATTTC,rev_seq_wR2N,20230427_OEG_design_TP_sampled
AMPL778624,GCCCTCTTAGACAGAAAACAGTG,rev_seq_wR2N,20230427_OEG_design_TP_sampled
AMPL778628,GCGAGGGTTGTTAGTACCGT,rev_seq_wR2N,20230427_OEG_design_TP_sampled
AMPL778633,AGCTTAGCCCGCAGTTTGAC,rev_seq_wR2N,20230427_OEG_design_TP_sampled
AMPL778642,TTGGGGATTACCATTTGATGTGG,rev_seq_wR2N,20230427_OEG_design_TP_sampled
AMPL778661,CCTAAGGGAGATTGAACACTCAAAC,rev_seq_wR2N,20230427_OEG_design_TP_sampled
AMPL778663,CGATGCAAGCAAGTTTCAAATGAAG,rev_seq_wR2N,20230427_OEG_design_TP_sampled
AMPL778665,CCAGGTCCTAACAAGCAACTATTTT,rev_seq_wR2N,20230427_OEG_design_TP_sampled
AMPL778713,CGAGCAGATGCCTGATTTGC,rev_seq_wR2N,20230427_OEG_design_TP_sampled
AMPL778717,TGTTTGTAGTTCCTTTGTTCAGGTC,rev_seq_wR2N,20230427_OEG_design_TP_sampled
AMPL778748,CCCTTTACTGTACAAGGTATGAGCA,rev_seq_wR2N,20230427_OEG_design_TP_sampled
AMPL778425,ACTGGCAACTCTACAAGGACTG,rev_seq_wR2N,20230427_OEG_design_TP_sampled
AMPL778662,GTGAGAAGGAACACAGAACACC,rev_seq_wR2N,20230427_OEG_design_TP_sampled
AMPL778749,TTGTCTCTAATGCTGGATCTGGC,rev_seq_wR2N,20230427_OEG_design_TP_sampled
AMPL778426,GGACTACTCAACATTCACACATGA,rev_seq_wR2N,20230427_OEG_design_TP_sampled
AMPL778469,AGTTCCAAACCCATGACGAAGA,rev_seq_wR2N,20230427_OEG_design_TP_sampled
AMPL778485,GCCTATAATTCTGTCTCCTGCGT,rev_seq_wR2N,20230427_OEG_design_TP_sampled
AMPL778518,CGTGTAGAAGAATGTCACACTAACC,rev_seq_wR2N,20230427_OEG_design_TP_sampled
AMPL778553,TCATTTTGCCTTCTGGTTGCCA,rev_seq_wR2N,20230427_OEG_design_TP_sampled
AMPL778579,CTTTCTCCCCTTTAACCTTGGCT,rev_seq_wR2N,20230427_OEG_design_TP_sampled
AMPL778582,TCTCTGGAAACCTCCCTTCAAC,rev_seq_wR2N,20230427_OEG_design_TP_sampled
AMPL778591,CCAGTGTCTTTATCTTAGGTCTATGTG,rev_seq_wR2N,20230427_OEG_design_TP_sampled
AMPL778597,CAAGAAGTGATACCAGAAAAGACCTG,rev_seq_wR2N,20230427_OEG_design_TP_sampled
AMPL778606,TGTCATCCTCTTCTGACTCTTGT,rev_seq_wR2N,20230427_OEG_design_TP_sampled
AMPL778626,GATTACTAGTTATCTTTCAAGGCACAGC,rev_seq_wR2N,20230427_OEG_design_TP_sampled
AMPL778634,CTAAAGAACTCTGGCTCACACAAT,rev_seq_wR2N,20230427_OEG_design_TP_sampled
AMPL778655,TAGACAACAATGGAAGCTGGCT,rev_seq_wR2N,20230427_OEG_design_TP_sampled
AMPL778660,ACCTCCCCGCTTTAGGCTTA,rev_seq_wR2N,20230427_OEG_design_TP_sampled
AMPL778683,TGTTAAAGGCCTGGAAGTGAGAA,rev_seq_wR2N,20230427_OEG_design_TP_sampled
AMPL778691,TTGATAGTGGCAGGCAGAGGA,rev_seq_wR2N,20230427_OEG_design_TP_sampled
AMPL778698,TGAATTCCAGACTTCATGTGTAGAAC,rev_seq_wR2N,20230427_OEG_design_TP_sampled
AMPL778708,TATACACTACGCACACACACATACT,rev_seq_wR2N,20230427_OEG_design_TP_sampled
AMPL778739,TGCAGAGTCTTAGGGTCATGAG,rev_seq_wR2N,20230427_OEG_design_TP_sampled
AMPL778759,GTGTGACTGAGTTAGCAGGC,rev_seq_wR2N,20230427_OEG_design_TP_sampled
AMPL778760,TTGATGAATTGGCTTTGATCTTCCC,rev_seq_wR2N,20230427_OEG_design_TP_sampled
AMPL778763,TTGTATTTGCCTTAGGACCCAGTG,rev_seq_wR2N,20230427_OEG_design_TP_sampled
AMPL778643,GAGGGAAAAGGACAACGGTC,rev_seq_wR2N,20230427_OEG_design_TP_sampled
AMPL778543,TTTCAGAACCATAAGCAGTTAGTTGGG,rev_seq_wR2N,20230427_OEG_design_TP_sampled
AMPL778427,TGTTTTCACCTGCCACTGGC,rev_seq_wR2N,20230427_OEG_design_TP_sampled
AMPL778435,AGAAAGCTGCAAAGGGCTCTT,rev_seq_wR2N,20230427_OEG_design_TP_sampled
AMPL778478,ACTTCGGCCTCTTCCACTACT,rev_seq_wR2N,20230427_OEG_design_TP_sampled
AMPL778497,GTCTAGATTCCGCACTTCTTAAACT,rev_seq_wR2N,20230427_OEG_design_TP_sampled
AMPL778505,GAAATGTCACTGATGGTCTTTCCT,rev_seq_wR2N,20230427_OEG_design_TP_sampled
AMPL778552,TATCAGGGTAGTGTAGATTACTGCTC,rev_seq_wR2N,20230427_OEG_design_TP_sampled
AMPL778561,GGCTCAGTCCTAAAACTCTGGG,rev_seq_wR2N,20230427_OEG_design_TP_sampled
AMPL778562,TACCTTGTTCAGGACACGCC,rev_seq_wR2N,20230427_OEG_design_TP_sampled
AMPL778569,GGAAACTTTCACTGAGTACAAGCT,rev_seq_wR2N,20230427_OEG_design_TP_sampled
AMPL778593,GCTGGAAATGAGCTTTCAACTTG,rev_seq_wR2N,20230427_OEG_design_TP_sampled
AMPL778594,TCCTTCCCTCGCAGCAAGAA,rev_seq_wR2N,20230427_OEG_design_TP_sampled
AMPL778599,TTCCCAGACGCCTCTCAAGA,rev_seq_wR2N,20230427_OEG_design_TP_sampled
AMPL778621,TTGACCCTCATCTGCATTTCAG,rev_seq_wR2N,20230427_OEG_design_TP_sampled
AMPL778636,AGGTTTTCAAATAAGCTCACGCAG,rev_seq_wR2N,20230427_OEG_design_TP_sampled
AMPL778667,AACCTGTTGGGACCTTGGTG,rev_seq_wR2N,20230427_OEG_design_TP_sampled
AMPL778676,TTTGTCTGACGTGTGGGATGTG,rev_seq_wR2N,20230427_OEG_design_TP_sampled
AMPL778700,TCAGCGAAAACGACTCCCCT,rev_seq_wR2N,20230427_OEG_design_TP_sampled
AMPL778706,GAGACCCTGGTGCAAAATGC,rev_seq_wR2N,20230427_OEG_design_TP_sampled
AMPL778709,GCAACTATCACTGCAACATTATCTC,rev_seq_wR2N,20230427_OEG_design_TP_sampled
AMPL778730,CCTCAGATTTTGCCATTTGGGG,rev_seq_wR2N,20230427_OEG_design_TP_sampled
AMPL778745,GAAGAAGAAAGCGGAAAAGAGGC,rev_seq_wR2N,20230427_OEG_design_TP_sampled
AMPL778752,TTGGCACAATCTCTTCTGCTGG,rev_seq_wR2N,20230427_OEG_design_TP_sampled
AMPL778754,TCTTCCTGATGCCCTGAGGA,rev_seq_wR2N,20230427_OEG_design_TP_sampled
AMPL778431,ACAGAACAGTGTATACAGAATAGTACTTTT,rev_seq_wR2N,20230427_OEG_design_TP_sampled
AMPL778440,CCCTAAGCTCACTTGCCTTAATAAG,rev_seq_wR2N,20230427_OEG_design_TP_sampled
AMPL778465,GGTCCAAATCACCATCTCTTATCTG,rev_seq_wR2N,20230427_OEG_design_TP_sampled
AMPL778484,AGTGATTGTCAAATTGCAGTGTCC,rev_seq_wR2N,20230427_OEG_design_TP_sampled
AMPL778486,TTTCTGTGAGACCCTATGGATGG,rev_seq_wR2N,20230427_OEG_design_TP_sampled
AMPL778487,GTCAGGGAACATTTGCTTGTCTA,rev_seq_wR2N,20230427_OEG_design_TP_sampled
AMPL778490,GATTGAATTTCCAGGCTAACCCAT,rev_seq_wR2N,20230427_OEG_design_TP_sampled
AMPL778514,TGGGCTTGCTTAATTCTCACAAC,rev_seq_wR2N,20230427_OEG_design_TP_sampled
AMPL778523,TAAAGCCCAGTCCTAAGGTGAAA,rev_seq_wR2N,20230427_OEG_design_TP_sampled
AMPL778537,ACTGTACCATCTAGCATAATCCCC,rev_seq_wR2N,20230427_OEG_design_TP_sampled
AMPL778544,CGAAGTTTCCTGACCATGTTGGC,rev_seq_wR2N,20230427_OEG_design_TP_sampled
AMPL778564,GCTGTAATAAAGTACCATAAACAGGGC,rev_seq_wR2N,20230427_OEG_design_TP_sampled
AMPL778570,TCCAGGGTTCTTTCACTTGGAG,rev_seq_wR2N,20230427_OEG_design_TP_sampled
AMPL778576,CCCTCAAACACTTGCTTAGATGAA,rev_seq_wR2N,20230427_OEG_design_TP_sampled
AMPL778595,AATCAGTATTGAAGGAGAGTGGCT,rev_seq_wR2N,20230427_OEG_design_TP_sampled
AMPL778601,CCATCCACAGCTTGCTTTTAATTG,rev_seq_wR2N,20230427_OEG_design_TP_sampled
AMPL778618,GAGGCTTCAGTCCAGAGGATAA,rev_seq_wR2N,20230427_OEG_design_TP_sampled
AMPL778620,CCTAGAAGCAACAGAGACAAGTG,rev_seq_wR2N,20230427_OEG_design_TP_sampled
AMPL778652,GGTGATGTGAACTTTCCTGAGAAG,rev_seq_wR2N,20230427_OEG_design_TP_sampled
AMPL778694,GTCTAAACCCTGTGCTGTGTTG,rev_seq_wR2N,20230427_OEG_design_TP_sampled
AMPL778697,GGTGATTCATGTATGGGAAACATATTC,rev_seq_wR2N,20230427_OEG_design_TP_sampled
AMPL778707,GACCTTGTCTAAATATCTCAGGAGGTA,rev_seq_wR2N,20230427_OEG_design_TP_sampled
AMPL778742,ACATTCATGTGACTCAGAATTCAGA,rev_seq_wR2N,20230427_OEG_design_TP_sampled
AMPL778753,TAAGCAACAGGACCCGTGCA,rev_seq_wR2N,20230427_OEG_design_TP_sampled
AMPL778756,TCTTTTCGTGATATAGACCAGGGG,rev_seq_wR2N,20230427_OEG_design_TP_sampled
AMPL778463,TTCCATTTTCCTTTTGGGCGG,rev_seq_wR2N,20230427_OEG_design_TP_sampled
AMPL778507,TTGGGCAGGAGATTGAAATCG,rev_seq_wR2N,20230427_OEG_design_TP_sampled
AMPL778531,CAAACCAAATCAAAAGGAAATGAAATTCC,rev_seq_wR2N,20230427_OEG_design_TP_sampled
AMPL778729,GATCCTACTGCGTTTCCACTTC,rev_seq_wR2N,20230427_OEG_design_TP_sampled
AMPL778442,CAAGGAACTCTAACTCCCAGAATTC,rev_seq_wR2N,20230427_OEG_design_TP_sampled
AMPL778470,TAAACTGGGGCTTGAGGTCCT,rev_seq_wR2N,20230427_OEG_design_TP_sampled
AMPL778474,TATCGGCCCTAGTCGGAGT,rev_seq_wR2N,20230427_OEG_design_TP_sampled
AMPL778502,TTCGTTAGTTGTGAGACCCTCC,rev_seq_wR2N,20230427_OEG_design_TP_sampled
AMPL778525,GAAAGGAAAGGGCCAGATAGC,rev_seq_wR2N,20230427_OEG_design_TP_sampled
AMPL778532,AGAACCAGAAGGCATCACGC,rev_seq_wR2N,20230427_OEG_design_TP_sampled
AMPL778547,CTTCAGTTGTCTTCAATGTGTTTCC,rev_seq_wR2N,20230427_OEG_design_TP_sampled
AMPL778550,AAGTCCGTAGTGTCTCATTGCA,rev_seq_wR2N,20230427_OEG_design_TP_sampled
AMPL778590,AACTTGCACAAGGTCGCAGG,rev_seq_wR2N,20230427_OEG_design_TP_sampled
AMPL778611,TTCCATAAGCCTGTGCCAGC,rev_seq_wR2N,20230427_OEG_design_TP_sampled
AMPL778625,AATGGCTCTGACTCGCTCTC,rev_seq_wR2N,20230427_OEG_design_TP_sampled
AMPL778635,TCCCCAAAACAGCAATATTCCG,rev_seq_wR2N,20230427_OEG_design_TP_sampled
AMPL778671,CCGGGCTCCAAATTAAGCTG,rev_seq_wR2N,20230427_OEG_design_TP_sampled
AMPL778685,TAGTTAAGGCCATAAAGCAAGCATG,rev_seq_wR2N,20230427_OEG_design_TP_sampled
AMPL778699,AGTTTCCCTATAATGTCTACAGGTGACC,rev_seq_wR2N,20230427_OEG_design_TP_sampled
AMPL778715,TTTACTCATTCTTCGGGGCTTTG,rev_seq_wR2N,20230427_OEG_design_TP_sampled
AMPL778725,TTCGGGCGGTAGTAACTAAGC,rev_seq_wR2N,20230427_OEG_design_TP_sampled
AMPL778726,AGCGTGCCTAAACTTAGCCC,rev_seq_wR2N,20230427_OEG_design_TP_sampled
AMPL778731,CACTGTCGTTCCTTCCCAAATT,rev_seq_wR2N,20230427_OEG_design_TP_sampled
AMPL778746,CTCACAAACAATTCAGCAAAGTGAG,rev_seq_wR2N,20230427_OEG_design_TP_sampled
AMPL778755,TTCTCTGTTGATTTCTCAGCCTCG,rev_seq_wR2N,20230427_OEG_design_TP_sampled
AMPL778548,AAGTAGCAAGTCCCCTGCCA,rev_seq_wR2N,20230427_OEG_design_TP_sampled
AMPL778432,TCTCTTCGCCTGTCCCTTGT,rev_seq_wR2N,20230427_OEG_design_TP_sampled
AMPL778436,AGACTTACGTGTCAGCTGCC,rev_seq_wR2N,20230427_OEG_design_TP_sampled
AMPL778437,TTGCAGTCTTGTTGCCACTT,rev_seq_wR2N,20230427_OEG_design_TP_sampled
AMPL778438,GCTGCCACGGATAACAATACA,rev_seq_wR2N,20230427_OEG_design_TP_sampled
AMPL778449,TGTAAACATCATAAAGGGCAAGGG,rev_seq_wR2N,20230427_OEG_design_TP_sampled
AMPL778450,AAACCATTACTCTACTGTTAAGGTGG,rev_seq_wR2N,20230427_OEG_design_TP_sampled
AMPL778458,GGTACATGTTTAAAGGACAGATTTTATGCT,rev_seq_wR2N,20230427_OEG_design_TP_sampled
AMPL778477,GAGGACATAAAGTGAGCTGGC,rev_seq_wR2N,20230427_OEG_design_TP_sampled
AMPL778496,TTTTACCTTAACAGTGACACCCCA,rev_seq_wR2N,20230427_OEG_design_TP_sampled
AMPL778515,AGATCTAGCCGCCCATTTCA,rev_seq_wR2N,20230427_OEG_design_TP_sampled
AMPL778516,TGTGTCGCATTGAAGCTCCG,rev_seq_wR2N,20230427_OEG_design_TP_sampled
AMPL778549,GAGACTTTCTAGACGTTCCCTTAAAG,rev_seq_wR2N,20230427_OEG_design_TP_sampled
AMPL778581,AGCTTGGGTTTTAATATCTGAATGTGG,rev_seq_wR2N,20230427_OEG_design_TP_sampled
AMPL778602,TTATCTTTCACTTTCCTGCCCTGA,rev_seq_wR2N,20230427_OEG_design_TP_sampled
AMPL778622,GAGGGGTGATGGACGAACAT,rev_seq_wR2N,20230427_OEG_design_TP_sampled
AMPL778630,TGAGCACTATCATCCGGGAC,rev_seq_wR2N,20230427_OEG_design_TP_sampled
AMPL778631,CCAACCCAGTACAGTTCATGG,rev_seq_wR2N,20230427_OEG_design_TP_sampled
AMPL778653,CGGCATCTTTAAGGTAGCTGC,rev_seq_wR2N,20230427_OEG_design_TP_sampled
AMPL778686,TTGGACCCTGAGCAGCCTTA,rev_seq_wR2N,20230427_OEG_design_TP_sampled
AMPL778687,TGGCTCCAGAGTCTAATATCACG,rev_seq_wR2N,20230427_OEG_design_TP_sampled
AMPL778692,GAAACTGGGTTTAGGAAGCTGC,rev_seq_wR2N,20230427_OEG_design_TP_sampled
AMPL778710,TCTAGTTTATATAGGACCTGAGGCTC,rev_seq_wR2N,20230427_OEG_design_TP_sampled
AMPL778718,TTGTCTAGTCCACGCTCGGA,rev_seq_wR2N,20230427_OEG_design_TP_sampled
AMPL778721,AAGGTCACGAGTCTGTACGC,rev_seq_wR2N,20230427_OEG_design_TP_sampled