sgRNA_Name,Gene,Ensembl ID,Sequence,Guide with flanking sequence (10bp before and after the guide + PAM),Chromosome,PAM position in chromosome,On-target efficiency,Exon,Targets last exon,10bp off-target match,Off-target score,Protein domain,Oligo,OligoName,SH,IDT name
1_CROP_AIF1L_dCas9,1_CROP_AIF1L_dCas9,NA,GGGCTCCGGCTAGCTGCGTG,GGGCTCCGGCTAGCTGCGTG,NA,NA,NA,NA,NA,NA,NA,NA,NA,NA,NA,NA
2_CROP_ANXA5_dCas9,2_CROP_ANXA5_dCas9,NA,GATGCAGACGCTGAAGGATC,GATGCAGACGCTGAAGGATC,NA,NA,NA,NA,NA,NA,NA,NA,NA,NA,NA,NA
3_CROP_ATP1B1_dCas9,3_CROP_ATP1B1_dCas9,NA,GCCAGGCCGGAGAAGCCGAG,GCCAGGCCGGAGAAGCCGAG,NA,NA,NA,NA,NA,NA,NA,NA,NA,NA,NA,NA
4_CROP_CARM1_dCas9,4_CROP_CARM1_dCas9,NA,GAACACCGACACGGTAGCGCA,GAACACCGACACGGTAGCGCA,NA,NA,NA,NA,NA,NA,NA,NA,NA,NA,NA,NA
5_CROP_CNN2_dCas9,5_CROP_CNN2_dCas9,NA,GTCAACAAGGGCCCCTCGTAC,GTCAACAAGGGCCCCTCGTAC,NA,NA,NA,NA,NA,NA,NA,NA,NA,NA,NA,NA
6_CROP_COL18A1_dCas9,6_CROP_COL18A1_dCas9,NA,GCGGTCCGAGCGGGTGCACCG,GCGGTCCGAGCGGGTGCACCG,NA,NA,NA,NA,NA,NA,NA,NA,NA,NA,NA,NA
7_CROP_CPNE1_dCas9,7_CROP_CPNE1_dCas9,NA,GTGTGGGGCGCTAGTTGCCGC,GTGTGGGGCGCTAGTTGCCGC,NA,NA,NA,NA,NA,NA,NA,NA,NA,NA,NA,NA
8_CROP_EMC4_dCas9,8_CROP_EMC4_dCas9,NA,GACAAAGCGGAGAACGCTGGT,GACAAAGCGGAGAACGCTGGT,NA,NA,NA,NA,NA,NA,NA,NA,NA,NA,NA,NA
9_CROP_EPB41L2_dCas9,9_CROP_EPB41L2_dCas9,NA,GCCCTCTTCAGTCCCAGCCGC,GCCCTCTTCAGTCCCAGCCGC,NA,NA,NA,NA,NA,NA,NA,NA,NA,NA,NA,NA
10_CROP_GOT2_dCas9,10_CROP_GOT2_dCas9,NA,GGGCGAGCGGACACACACAC,GGGCGAGCGGACACACACAC,NA,NA,NA,NA,NA,NA,NA,NA,NA,NA,NA,NA
11_CROP_GULP1_dCas9,11_CROP_GULP1_dCas9,NA,GTAATCCGCCGAATCCAAAAC,GTAATCCGCCGAATCCAAAAC,NA,NA,NA,NA,NA,NA,NA,NA,NA,NA,NA,NA
12_CROP_LTA4H_dCas9,12_CROP_LTA4H_dCas9,NA,GGTATCCACTATCTCGGGCA,GGTATCCACTATCTCGGGCA,NA,NA,NA,NA,NA,NA,NA,NA,NA,NA,NA,NA
13_CROP_PDLIM1_dCas9,13_CROP_PDLIM1_dCas9,NA,GACGCGCGGAACAGCTTGCA,GACGCGCGGAACAGCTTGCA,NA,NA,NA,NA,NA,NA,NA,NA,NA,NA,NA,NA
14_CROP_PSME2_dCas9,14_CROP_PSME2_dCas9,NA,GAGCGGGGAAGCCCGCAAAC,GAGCGGGGAAGCCCGCAAAC,NA,NA,NA,NA,NA,NA,NA,NA,NA,NA,NA,NA
15_CROP_ROR1_dCas9,15_CROP_ROR1_dCas9,NA,GTGACAAGTTGAGCGAGAGA,GTGACAAGTTGAGCGAGAGA,NA,NA,NA,NA,NA,NA,NA,NA,NA,NA,NA,NA
16_CROP_RTN4_dCas9,16_CROP_RTN4_dCas9,NA,GCTGAGCCGAGGGACCTACTG,GCTGAGCCGAGGGACCTACTG,NA,NA,NA,NA,NA,NA,NA,NA,NA,NA,NA,NA
17_CROP_SPINT2_dCas9,17_CROP_SPINT2_dCas9,NA,GGGCCGTTGAGTGTCGCAGG,GGGCCGTTGAGTGTCGCAGG,NA,NA,NA,NA,NA,NA,NA,NA,NA,NA,NA,NA
18_CROP_STAU1_dCas9,18_CROP_STAU1_dCas9,NA,GCTGCTCCGAGCTCGTCCCC,GCTGCTCCGAGCTCGTCCCC,NA,NA,NA,NA,NA,NA,NA,NA,NA,NA,NA,NA
19_CROP_TSTD1_dCas9,19_CROP_TSTD1_dCas9,NA,GCCCGCAGGTACCTCCAGCCA,GCCCGCAGGTACCTCCAGCCA,NA,NA,NA,NA,NA,NA,NA,NA,NA,NA,NA,NA
20_CROP_UBE2E1_dCas9,20_CROP_UBE2E1_dCas9,NA,GCAGCGAGAGAGAGACACGAG,GCAGCGAGAGAGAGACACGAG,NA,NA,NA,NA,NA,NA,NA,NA,NA,NA,NA,NA
21_CROP_YWHAB_dCas9,21_CROP_YWHAB_dCas9,NA,GACTACCCCGGCTCCGGAAT,GACTACCCCGGCTCCGGAAT,NA,NA,NA,NA,NA,NA,NA,NA,NA,NA,NA,NA
22_CROP_nC1_dCas9,22_CROP_nC1_dCas9,NA,CGTATTCGACTCTCAACGCG,CGTATTCGACTCTCAACGCG,NA,NA,NA,NA,NA,NA,NA,NA,NA,NA,NA,NA
23_CROP_nC2_dCas9,23_CROP_nC2_dCas9,NA,GATGGCGCTTCAGTCGTCGG,GATGGCGCTTCAGTCGTCGG,NA,NA,NA,NA,NA,NA,NA,NA,NA,NA,NA,NA
24_CROP_nC3_dCas9,24_CROP_nC3_dCas9,NA,ACGGAGGCTAAGCGTCGCAA,ACGGAGGCTAAGCGTCGCAA,NA,NA,NA,NA,NA,NA,NA,NA,NA,NA,NA,NA
25_CROP_nC4_dCas9,25_CROP_nC4_dCas9,NA,CGCTTCCGCGGCCCGTTCAA,CGCTTCCGCGGCCCGTTCAA,NA,NA,NA,NA,NA,NA,NA,NA,NA,NA,NA,NA
26_CROP_nC5_dCas9,26_CROP_nC5_dCas9,NA,ATCGTTTCCGCTTAACGGCG,ATCGTTTCCGCTTAACGGCG,NA,NA,NA,NA,NA,NA,NA,NA,NA,NA,NA,NA
27_CROP_nC6_dCas9,27_CROP_nC6_dCas9,NA,GTAGGCGCGCCGCTCTCTAC,GTAGGCGCGCCGCTCTCTAC,NA,NA,NA,NA,NA,NA,NA,NA,NA,NA,NA,NA
1_CROP_ANXA5_rs2306413_dCas9-pegRNA,1_CROP_ANXA5_rs2306413_dCas9-pegRNA,NA,GAAAGGGAGCGCACACAAATC,GAAAGGGAGCGCACACAAATC,NA,NA,NA,NA,NA,NA,NA,NA,NA,NA,NA,NA
2_CROP_ATP1B1_rs10800424_dCas9-pegRNA,2_CROP_ATP1B1_rs10800424_dCas9-pegRNA,NA,GCCAAATAACCATAACTTTGG,GCCAAATAACCATAACTTTGG,NA,NA,NA,NA,NA,NA,NA,NA,NA,NA,NA,NA
3_CROP_CARM1_rs67987899_dCas9-pegRNA,3_CROP_CARM1_rs67987899_dCas9-pegRNA,NA,GCTGAACCAATCACAATAGCC,GCTGAACCAATCACAATAGCC,NA,NA,NA,NA,NA,NA,NA,NA,NA,NA,NA,NA
4_CROP_CNN2_rs4807440_dCas9-pegRNA,4_CROP_CNN2_rs4807440_dCas9-pegRNA,NA,GGGTCCGGGGGCGACCGAGG,GGGTCCGGGGGCGACCGAGG,NA,NA,NA,NA,NA,NA,NA,NA,NA,NA,NA,NA
5_CROP_COL18A1_rs78667666_dCas9-pegRNA,5_CROP_COL18A1_rs78667666_dCas9-pegRNA,NA,GCGGAAGCAGGCCCAGAGAG,GCGGAAGCAGGCCCAGAGAG,NA,NA,NA,NA,NA,NA,NA,NA,NA,NA,NA,NA
6_CROP_COL18A1_rs35205716_dCas9-pegRNA,6_CROP_COL18A1_rs35205716_dCas9-pegRNA,NA,GAACCGTAACTTTCCCTGCTG,GAACCGTAACTTTCCCTGCTG,NA,NA,NA,NA,NA,NA,NA,NA,NA,NA,NA,NA
7_CROP_CPNE1_rs2104417_dCas9-pegRNA,7_CROP_CPNE1_rs2104417_dCas9-pegRNA,NA,GACAAACAGCAACAGAAGAA,GACAAACAGCAACAGAAGAA,NA,NA,NA,NA,NA,NA,NA,NA,NA,NA,NA,NA
8_CROP_CPNE1_rs73905926_dCas9-pegRNA,8_CROP_CPNE1_rs73905926_dCas9-pegRNA,NA,GACAATTCTCAGAGCCTCAGG,GACAATTCTCAGAGCCTCAGG,NA,NA,NA,NA,NA,NA,NA,NA,NA,NA,NA,NA
9_CROP_CPNE1_rs6121020_dCas9-pegRNA,9_CROP_CPNE1_rs6121020_dCas9-pegRNA,NA,GAGCCGGCGTCTGAAGCTAGG,GAGCCGGCGTCTGAAGCTAGG,NA,NA,NA,NA,NA,NA,NA,NA,NA,NA,NA,NA
10_CROP_CPNE1_rs2295355_dCas9-pegRNA,10_CROP_CPNE1_rs2295355_dCas9-pegRNA,NA,GCCGCAGCCCCTGAACGGGCG,GCCGCAGCCCCTGAACGGGCG,NA,NA,NA,NA,NA,NA,NA,NA,NA,NA,NA,NA
11_CROP_EMC4_rs6495621_dCas9-pegRNA,11_CROP_EMC4_rs6495621_dCas9-pegRNA,NA,GGGATAGCTGGCGCTGTGGG,GGGATAGCTGGCGCTGTGGG,NA,NA,NA,NA,NA,NA,NA,NA,NA,NA,NA,NA
12_CROP_EPB41L2_rs3903759_dCas9-pegRNA,12_CROP_EPB41L2_rs3903759_dCas9-pegRNA,NA,GTGAACTCTGGCACCACCTCG,GTGAACTCTGGCACCACCTCG,NA,NA,NA,NA,NA,NA,NA,NA,NA,NA,NA,NA
13_CROP_GOT2_rs11558171_dCas9-pegRNA,13_CROP_GOT2_rs11558171_dCas9-pegRNA,NA,GTGCCCTCCTACGGTCCACCA,GTGCCCTCCTACGGTCCACCA,NA,NA,NA,NA,NA,NA,NA,NA,NA,NA,NA,NA
14_CROP_GOT2_rs727484_dCas9-pegRNA,14_CROP_GOT2_rs727484_dCas9-pegRNA,NA,GTTACGGAGGTGGCCTCGGC,GTTACGGAGGTGGCCTCGGC,NA,NA,NA,NA,NA,NA,NA,NA,NA,NA,NA,NA
15_CROP_GULP1_rs6712056_dCas9-pegRNA,15_CROP_GULP1_rs6712056_dCas9-pegRNA,NA,GTCCTTAGTTGCCATGAATGA,GTCCTTAGTTGCCATGAATGA,NA,NA,NA,NA,NA,NA,NA,NA,NA,NA,NA,NA
16_CROP_LTA4H_rs3834482_dCas9-pegRNA,16_CROP_LTA4H_rs3834482_dCas9-pegRNA,NA,GGAGTGCAGTGGCGCAATCT,GGAGTGCAGTGGCGCAATCT,NA,NA,NA,NA,NA,NA,NA,NA,NA,NA,NA,NA
17_CROP_PDLIM1_rs10218877_dCas9-pegRNA,17_CROP_PDLIM1_rs10218877_dCas9-pegRNA,NA,GCTGGAAGCTTCTGCTGGGTA,GCTGGAAGCTTCTGCTGGGTA,NA,NA,NA,NA,NA,NA,NA,NA,NA,NA,NA,NA
18_CROP_PSME2_rs2236352_dCas9-pegRNA,18_CROP_PSME2_rs2236352_dCas9-pegRNA,NA,GTCCGCCCCCGGCCCAGTCC,GTCCGCCCCCGGCCCAGTCC,NA,NA,NA,NA,NA,NA,NA,NA,NA,NA,NA,NA
19_CROP_ROR1_rs7517350_dCas9-pegRNA,19_CROP_ROR1_rs7517350_dCas9-pegRNA,NA,GATCTAATGCATATTTGATTT,GATCTAATGCATATTTGATTT,NA,NA,NA,NA,NA,NA,NA,NA,NA,NA,NA,NA
20_CROP_RTN4_rs2968787_dCas9-pegRNA,20_CROP_RTN4_rs2968787_dCas9-pegRNA,NA,GCCAGCAATGTGTGAGAATTC,GCCAGCAATGTGTGAGAATTC,NA,NA,NA,NA,NA,NA,NA,NA,NA,NA,NA,NA
21_CROP_RTN4_rs2044291_dCas9-pegRNA,21_CROP_RTN4_rs2044291_dCas9-pegRNA,NA,GAGGTCTTGCCTTGTTGCCT,GAGGTCTTGCCTTGTTGCCT,NA,NA,NA,NA,NA,NA,NA,NA,NA,NA,NA,NA
22_CROP_SPINT2_rs17554832_dCas9-pegRNA,22_CROP_SPINT2_rs17554832_dCas9-pegRNA,NA,GCTTGGGCTTGGTGACGACGT,GCTTGGGCTTGGTGACGACGT,NA,NA,NA,NA,NA,NA,NA,NA,NA,NA,NA,NA
23_CROP_STAU1_rs7266044_dCas9-pegRNA,23_CROP_STAU1_rs7266044_dCas9-pegRNA,NA,GCTTTAGTAGAGTGATGGTCT,GCTTTAGTAGAGTGATGGTCT,NA,NA,NA,NA,NA,NA,NA,NA,NA,NA,NA,NA
24_CROP_STAU1_rs2252259_dCas9-pegRNA,24_CROP_STAU1_rs2252259_dCas9-pegRNA,NA,GCTGGCCCCGCCCCCTGCAGC,GCTGGCCCCGCCCCCTGCAGC,NA,NA,NA,NA,NA,NA,NA,NA,NA,NA,NA,NA
25_CROP_STAU1_rs3818066_dCas9-pegRNA,25_CROP_STAU1_rs3818066_dCas9-pegRNA,NA,GAGCGCGACATGGCGAGGAAG,GAGCGCGACATGGCGAGGAAG,NA,NA,NA,NA,NA,NA,NA,NA,NA,NA,NA,NA
26_CROP_TSTD1_rs10908821_dCas9-pegRNA,26_CROP_TSTD1_rs10908821_dCas9-pegRNA,NA,GCTACCGGGAGGGGCGCTGCC,GCTACCGGGAGGGGCGCTGCC,NA,NA,NA,NA,NA,NA,NA,NA,NA,NA,NA,NA
27_CROP_UBE2E1_rs7651576_dCas9-pegRNA,27_CROP_UBE2E1_rs7651576_dCas9-pegRNA,NA,GCCGGGGCAGACAGCGACATG,GCCGGGGCAGACAGCGACATG,NA,NA,NA,NA,NA,NA,NA,NA,NA,NA,NA,NA
28_CROP_YWHAB_rs6031849_dCas9-pegRNA,28_CROP_YWHAB_rs6031849_dCas9-pegRNA,NA,GACCGGAGCGGAAGTGGCGAT,GACCGGAGCGGAAGTGGCGAT,NA,NA,NA,NA,NA,NA,NA,NA,NA,NA,NA,NA
29_CROP_YWHAB_rs2072726_dCas9-pegRNA,29_CROP_YWHAB_rs2072726_dCas9-pegRNA,NA,GCCCAAGTGCTCGCAGGTGGG,GCCCAAGTGCTCGCAGGTGGG,NA,NA,NA,NA,NA,NA,NA,NA,NA,NA,NA,NA
30_CROP_ATF4_control_PE,30_CROP_ATF4_control_PE,NA,GTGAAGTGCTTGGCCACCTCC,GTGAAGTGCTTGGCCACCTCC,NA,NA,NA,NA,NA,NA,NA,NA,NA,NA,NA,NA
31_CROP_SOX11_control_PE,31_CROP_SOX11_control_PE,NA,GCGCTCTCGTCCAGGGCCACC,GCGCTCTCGTCCAGGGCCACC,NA,NA,NA,NA,NA,NA,NA,NA,NA,NA,NA,NA
32_CROP_SOX12_control_PE,32_CROP_SOX12_control_PE,NA,GCCCCCTGGCCCGGCCGGCC,GCCCCCTGGCCCGGCCGGCC,NA,NA,NA,NA,NA,NA,NA,NA,NA,NA,NA,NA
33_CROP_MYH10_control_PE,33_CROP_MYH10_control_PE,NA,GCTGAAGGATCGCTACTATTC,GCTGAAGGATCGCTACTATTC,NA,NA,NA,NA,NA,NA,NA,NA,NA,NA,NA,NA
34_CROP_SOX4_control_PE,34_CROP_SOX4_control_PE,NA,GACTTCACCTTCTTCCTGGGC,GACTTCACCTTCTTCCTGGGC,NA,NA,NA,NA,NA,NA,NA,NA,NA,NA,NA,NA